,timestamp,prices,market_caps,total_volumes
0,1677646832010,23784.042799879942,459202173989.75366,28452261898.94691
1,1677650502877,23691.414512124713,456943471673.35004,29024626602.56403
2,1677654106953,23777.49665207094,457235818598.6369,29966679745.659904
3,1677657665901,23709.915797916765,458228835459.4792,30047775002.368248
4,1677661329245,23829.946743900706,460431241240.21356,30291858965.901867
5,1677664821041,23778.152542468997,458632492490.4733,31250548386.984806
6,1677668410871,23799.188758891083,458142756359.3518,31765936779.23523
7,1677672116253,23728.16064979413,458197428968.5267,31917094313.96983
8,1677675652924,23735.748910827864,458848831810.0145,31526206364.069946
9,1677679272004,23696.081721592756,457164758742.9259,31907064600.93484
10,1677682803524,23796.06510462297,459303399272.23364,32010336331.93695
11,1677686452521,23726.2506975257,457647659650.8439,32301656674.57875
12,1677690126486,23665.59155956524,456897808549.7148,32481149439.13058
13,1677693664809,23712.71782096267,458079816114.1299,32729445886.834446
14,1677697273388,23682.52545294416,456881084846.7289,32612194672.6931
15,1677700912086,23556.225693504046,455449765556.98315,32472661486.87413
16,1677704504133,23427.883714031843,452198285215.3613,33129633282.08202
17,1677708026131,23576.425430335858,455179125517.27527,32400924215.71923
18,1677711698443,23504.747683174395,453782751644.2168,32496878970.338852
19,1677715324609,23634.333489123786,456417315966.7193,32507897259.084335
20,1677718915033,23663.12537721522,456880714185.5616,32746288097.8661
21,1677722519645,23519.00841198621,454052171514.6383,32649164091.985195
22,1677726169216,23493.811912342382,453564484636.1083,32701501837.951027
23,1677729619423,23506.48966274534,453604764863.3512,31953849961.226616
24,1677737628256,23428.364922512046,452189722701.2137,30415110346.53416
25,1677738534489,23438.2953781779,452227952523.01385,30457426528.06973
26,1677740448376,23455.193198202353,452846854644.6454,30339546989.293472
27,1677744083296,23393.49886298945,451400920563.08826,30242220187.179916
28,1677747613955,23449.933923364155,452722501429.88654,30143395539.687286
29,1677751339334,23429.430046442114,452456324344.83997,28985458649.841694
30,1677754888082,23412.569662781654,452026514927.33923,28927077633.787727
31,1677758443930,23423.026552982563,452044834286.3393,28783876515.629963
32,1677762035957,23349.073024716425,450791774445.6034,28747883491.57864
33,1677765724491,23335.594101318686,451070878359.8358,29238330112.419502
34,1677769321909,23302.64712467313,449537165794.0954,29863807205.42284
35,1677772920365,23330.35049835348,450419938491.8347,29015572197.82458
36,1677776407748,23283.76528293185,449662112142.1996,28533729419.77806
37,1677780118967,23279.37122891428,449716820631.2678,28378471210.95808
38,1677783719814,23397.205230397754,451683221048.26215,28649957475.806465
39,1677787311776,23473.5347574165,452956270670.74756,28765505143.931076
40,1677790857762,23539.61281971209,454446286463.6021,28085752693.746613
41,1677794423086,23447.605445168498,452688404262.09766,27838798101.2141
42,1677798029750,23515.128732237215,453987880972.6525,27551176261.845695
43,1677801776284,23469.231618829668,453098857183.146,27467409546.82412
44,1677805330436,23435.63929517383,452473285205.5093,26955939948.870686
45,1677808894389,22259.675591254836,432367768896.64044,29692023719.93433
46,1677812521023,22379.1459397478,431982808533.07245,32757279458.71562
47,1677816129758,22370.707926324667,432165076296.7246,33445810914.925808
48,1677819722676,22391.647510563194,431985048414.8578,34039537580.430958
49,1677823294503,22370.28747392772,431588904153.9693,34358327345.087368
50,1677826902782,22384.984819417034,432657870244.0001,34380530940.7125
51,1677830527676,22383.126357783643,432159332093.7568,34236350673.24236
52,1677834132438,22405.532208305485,432472447143.23364,34039001498.039867
53,1677837752842,22396.803791664923,432384216081.92017,34596297817.4877
54,1677841206762,22381.840673031795,432218257511.61816,34614566476.07711
55,1677844806382,22375.545543065367,431927366059.9326,34156793551.102535
56,1677848472550,22353.188705437304,431744426118.027,34001848499.694305
57,1677852054270,22431.416229651353,431478616286.4481,34256261194.532875
58,1677855622491,22396.218654305092,432894712309.2858,34074139995.893707
59,1677859313091,22357.601228312662,431387905162.4057,34378016897.45233
60,1677862807317,22362.95667643471,431655125367.382,33902544555.61807
61,1677866465012,22417.00489088355,433125818455.7819,33899599528.632042
62,1677870132603,22340.64433137837,431191225940.45593,34180442330.6078
63,1677873613119,22366.54355005848,431426176280.2655,33628476421.327194
64,1677877258848,22332.474297937708,431032726447.78644,33615264221.24897
65,1677880848212,22307.671979178518,430848261273.7819,34070448860.392708
66,1677884514445,22314.52765702006,431168141988.64624,33693941973.32987
67,1677888121989,22362.45766625331,431727585101.1504,34258724060.047752
68,1677891730727,22395.932301491983,432410582707.6715,34278057311.580093
69,1677895266626,22370.469224641507,432197259839.76624,29735968976.478012
70,1677898919350,22373.094466822888,431514656613.2045,25492702135.848114
71,1677902519483,22374.181314932543,431663693130.0292,24398993893.71534
72,1677906021088,22364.052855247235,431691287482.99414,23656441144.03453
73,1677909720180,22349.33800459337,431392588901.066,22933698714.026524
74,1677913273813,22388.415821286224,432263649002.7473,22819567823.271236
75,1677916850980,22383.081540900494,432308055830.67535,22195724906.608578
76,1677920579970,22359.834190689075,431715804219.6326,21771139923.53838
77,1677924045072,22374.13749070038,431602118878.78796,21243984982.065487
78,1677927715428,22352.073543907267,431608806419.985,20734931722.50362
79,1677931203152,22352.717672379025,432024937345.3688,20369698197.17911
80,1677934853243,22380.236620205513,432124351462.2866,20083053393.113632
81,1677938514754,22378.75135601226,432191939807.8114,19141225718.08136
82,1677942005082,22363.70699450674,431652373594.5801,17929903285.838734
83,1677945648703,22335.296596622255,431568437741.47455,15910326384.055683
84,1677949327213,22339.448877842322,431755130679.1352,15645873639.872084
85,1677952863888,22311.580191799014,431248224565.64343,15196707983.785215
86,1677956419411,22333.93450398392,431043367738.2088,14474669011.634315
87,1677960116051,22233.9306002736,429878809130.01843,13772669222.41999
88,1677963708522,22203.57313487645,428432470558.25836,13769903224.821466
89,1677967278211,22215.732009315154,428920653547.9876,13367130395.82729
90,1677970804812,22346.33233920694,431565821896.1891,13626138708.094416
91,1677974429967,22348.32991538815,431837491811.49384,13392431931.930376
92,1677978115861,22365.67919223727,431650154138.81165,13246794495.374311
93,1677981813754,22609.50968265507,436556983840.08765,14542228203.977678
94,1677985332995,22271.621307056605,430033827169.43304,15203495359.334381
95,1677988906540,22412.691294442255,432922781867.2646,15741001742.337477
96,1677992516588,22458.18155355079,433623746489.16876,16100805331.71456
97,1677996174210,22446.9013154151,433420483428.95557,16005566549.89794
98,1677999724790,22436.738723314254,433265791755.20294,15559425994.746874
99,1678003332681,22397.556696941287,432469382810.98254,15656104208.437057
100,1678006933081,22337.749516730626,431709715365.4005,15508318405.77283
101,1678010518277,22386.65369422633,432624795881.8563,15686849554.859066
102,1678014181059,22432.317957103267,433246045829.66956,15887954231.715332
103,1678017670276,22412.868368255655,433063635765.4688,15964619362.327131
104,1678021325731,22451.735137132684,432988556858.99866,16087706729.189373
105,1678024931828,22493.63280866233,434335341244.9868,16071717095.114857
106,1678028519520,22465.464231100654,433282516188.0491,16379052626.79839
107,1678032115448,22476.240200045482,433805509916.5293,16433993821.893263
108,1678035739942,22441.430518504727,433680962367.15894,16095338800.755013
109,1678039275162,22459.730831121095,433795107146.6633,16085452120.810423
110,1678042975246,22429.0166710947,433434531020.0288,15938438842.025913
111,1678046516893,22427.021335757956,433060905619.61993,16041088805.490519
112,1678050056771,22429.168230685544,433198423526.34247,15755144201.530737
113,1678053700021,22534.14106727921,434323817602.2883,15498325810.898682
114,1678057323796,22455.521105156393,433829050656.7495,15697760142.926373
115,1678060941611,22432.85634630719,433081135066.3954,16096840995.792395
116,1678064402359,22446.704207355437,433754756178.70166,16388138170.348715
117,1678068127243,22405.871753227584,433026936673.51324,15674167652.587292
118,1678071709448,22420.56459795589,431657572230.6106,15573799574.5904
119,1678075314027,22407.277637305626,432712972603.62427,15263526330.98635
120,1678078892240,22362.00823955405,431898530552.6892,15497348287.882515
121,1678082525312,22375.039455087837,432073636503.6055,15965619394.74735
122,1678086057189,22422.125634818287,433026518971.614,16336096947.327412
123,1678089776175,22413.812768997555,432976409654.98444,16541275982.752655
124,1678093343893,22431.198532520255,433137313807.4554,16799194209.257723
125,1678096926283,22407.24052716349,432639664047.5627,16777570193.057484
126,1678097179655,22404.298903649327,432588634120.2254,16792007620.157515
127,1678100575085,22400.563638335858,432512532102.2803,16885869638.881414
128,1678104122157,22393.18714275068,432193721245.52704,17181736168.702477
129,1678107763191,22405.74091399527,432406756456.1964,17307461762.517735
130,1678111327017,22460.953361220167,434347734456.44446,17469331134.51018
131,1678114913177,22432.71924932509,432695782376.98975,17828060832.77941
132,1678118528792,22548.56002224413,435589075753.252,19010291667.422653
133,1678122115151,22529.992641588986,435054721158.8994,19965841051.3409
134,1678125778446,22495.502238217545,434344048839.8507,20483233928.873264
135,1678129329895,22536.241866918812,435108822493.8162,20799629167.548252
136,1678132807311,22456.20719527491,432209190448.90027,21648327582.369263
137,1678136591212,22362.196507265864,431817368884.77985,21985878435.59029
138,1678140018710,22413.870229736516,432819644045.1878,21839816037.50326
139,1678143768317,22430.81746309442,433113518060.92505,21063021285.79454
140,1678147309448,22414.06021826144,432758824798.3097,20969418850.2014
141,1678150918161,22492.302674204086,432878270710.5674,21136032512.755978
142,1678154525309,22463.93220672041,433676511635.72046,20663856847.750874
143,1678158036319,22515.21563268249,434561156879.1981,19936695054.098522
144,1678161715594,22480.78676386218,434207364789.071,19825943022.363277
145,1678165324503,22473.944938112774,433969206881.5164,19508587495.534847
146,1678168933629,22471.823436897506,433914270596.7732,19101869055.7935
147,1678172572157,22445.71820108979,433555213335.7943,18852819002.307533
148,1678176109036,22441.55103007756,433408040466.28406,18977948043.736473
149,1678179627530,22421.621426118632,432908212469.11896,18832256088.23861
150,1678183267903,22400.010449736306,432311860294.66345,19393685284.852238
151,1678186897084,22409.451022887457,432652811795.22736,19555733696.368324
152,1678190533877,22383.223220601696,432559537006.6989,19416101679.73723
153,1678194121898,22406.735643216747,432623741942.93463,19749507818.81796
154,1678197618493,22401.431348025064,432847566130.15955,19579457969.88864
155,1678201385480,22353.43403616607,431665622285.45447,20647658995.65652
156,1678204972978,22331.018759965096,431253302617.9928,24091747242.110554
157,1678208579253,22245.6038174552,430127100493.1913,24892779550.53355
158,1678212052777,22327.793618615127,431172982664.2024,25577032565.038002
159,1678215725303,22228.55405539254,429317228733.4241,25768687500.733055
160,1678219278258,22203.698566363462,428681734236.0136,25690747028.06055
161,1678222854127,22051.451967084125,427030947163.3575,26639462590.82893
162,1678226532433,22078.895826128584,426338770689.8331,26945592273.97077
163,1678230118523,22099.854839403637,426826755299.5762,27313448720.039715
164,1678233793974,22217.209884905325,427994888566.54205,27780357943.162678
165,1678237267660,22292.230162666576,430502146755.1296,28141584125.53925
166,1678240926435,22160.33206266994,429270736564.85425,28035513220.485004
167,1678244430908,22186.36968798273,428937489582.8916,27949521731.56436
168,1678248120225,22165.58296915028,427371221864.14276,28003828618.325264
169,1678251739985,22142.02810099169,427565460289.6697,28127999338.741573
170,1678255266880,21953.980294081073,423964005047.4028,29280791118.774975
171,1678258866147,22004.02129174228,424654472009.4161,29820952789.21942
172,1678262524591,22033.525072926594,425396429599.9225,30047672787.59904
173,1678266020729,21996.975848304148,425182446772.99475,30398627112.94715
174,1678269728516,22033.292611374643,424512989347.83734,30162295494.12608
175,1678273296024,22119.05660147016,427091439898.9695,30294316760.574825
176,1678276805421,22089.111218236074,426421161492.14996,30945355614.29973
177,1678280520905,22023.792601069603,425051836162.3751,30910579903.988777
178,1678284175652,21988.427704428243,425829927846.22394,31639887651.022095
179,1678287671856,21996.437775273775,424475715985.83655,31261584607.045406
180,1678291265807,22145.99908374674,427175514150.6164,29872536615.748535
181,1678294934785,22153.288348301492,426984784582.8383,28747810334.997406
182,1678298496897,22084.73871643898,426500054481.834,28605112967.291378
183,1678302124101,22045.176240628607,425075141472.9115,28450943512.42865
184,1678305780590,22027.347434954176,425229536898.9553,28322403372.76809
185,1678309380489,22106.28168957777,426753163992.9948,27372839654.64318
186,1678312913930,22036.708973982408,425947938043.7569,27160168430.58439
187,1678316502064,21964.16070779069,424174199789.88885,27221057297.69699
188,1678320061133,21716.15632278766,419694984165.3824,28471399911.20382
189,1678323631078,21720.374529975055,419717913155.1039,28199881797.82985
190,1678327387173,21731.002438356238,419673595676.038,28743339783.191948
191,1678330983998,21780.264719268274,420427256971.52264,28512909416.92905
192,1678334584126,21769.444086926935,420417621420.5213,28558178369.510597
193,1678338175311,21749.76424408577,420060471665.47626,28598581968.208355
194,1678341707248,21748.11793939083,420052827454.94434,27796512034.379784
195,1678345201631,21731.60023509299,419440512807.8953,27239433895.627872
196,1678348871268,21708.925914286992,419494041999.60345,27281666571.85416
197,1678352524223,21702.085416293376,418516751738.0298,27916719166.30989
198,1678356186495,21645.629172649456,418213885000.7072,27908881821.695286
199,1678359669038,21669.908087750096,418478426732.7917,28467121914.35259
200,1678363237738,21680.72422885794,418338752692.40796,28397964945.65098
201,1678366826049,21640.36177784387,417798190245.64685,28268009791.429356
202,1678370514335,21742.881357434017,418455730792.0415,28684357928.745754
203,1678374187419,21766.100920425797,420360261829.02637,28947064568.997543
204,1678377782627,21657.259968088314,418311144966.9668,27896499293.070747
205,1678381258353,21467.29006662448,416675109212.9078,29144495152.47505
206,1678384930712,21476.6211959799,415059102009.7424,29390873637.2568
207,1678388530532,21062.06888147991,406871109597.076,31601478811.239273
208,1678392074081,20915.60748157303,403854446947.6186,33764725038.521843
209,1678395728237,20207.416674217828,392473374919.98303,36863988254.05221
210,1678399322902,20256.237264428655,392879389435.5997,40135190100.3638
211,1678402946981,20381.708088738338,393132670172.6942,41492447312.95849
212,1678406424427,20368.318163263935,392841773384.4403,40149291478.83389
213,1678410001726,20106.49927115662,388463207023.7671,41738601289.669334
214,1678413630569,20121.722912996465,387558978810.152,45050278141.06004
215,1678417329751,20055.9629740996,387904766015.1874,46567687119.88948
216,1678420972467,20098.69680757734,388454332719.79926,46683232735.535194
217,1678424528660,19923.68807279441,384803362294.3133,47891722837.604294
218,1678428170530,20014.593981052483,386322384500.4097,48443087477.78399
219,1678431679060,19927.84901663721,385040983927.1092,49424876991.36238
220,1678435327886,19952.053930132868,386350809056.3022,51065121660.61687
221,1678438891166,19966.099406627905,384725460836.31464,50770170052.61751
222,1678442501317,19927.031640527064,385083033769.77875,51663838581.95635
223,1678446188198,19662.44149159682,380111878870.3523,53316398939.01221
224,1678449620991,19736.70214276614,380459772878.99786,53380072370.01165
225,1678453246186,20015.141795842756,385498951511.64514,55632699392.213425
226,1678456964629,20140.716096819775,389909626345.466,56865972689.23189
227,1678460522595,19726.498317449248,380986738929.1402,58226044088.31616
228,1678464125022,20017.56126117087,385626391228.9855,59634166894.316124
229,1678467765932,20015.74975034846,386550263353.6586,60146086457.817955
230,1678471331554,19998.38051357231,387794991967.844,60558755205.35499
231,1678474851697,19873.05651922205,384283162459.8327,58855643010.24829
232,1678478447252,20014.94794417126,386502302900.7783,56835669158.30061
233,1678482177729,19978.40357393128,385853858889.9125,53816931793.481026
234,1678485723394,20112.688589332083,384668045172.92993,52000141232.537346
235,1678489222544,20125.326859603574,388696034767.83997,50617115637.885284
236,1678492925433,20161.423237145915,390202255053.33545,51582308186.82201
237,1678496479595,20289.122305747762,392437470637.1573,51004585935.59197
238,1678500131981,20641.53384712589,398701254463.39594,50213071469.45673
239,1678503676433,20496.439504448153,396264695468.0722,50865410120.646965
240,1678507389980,20430.281920284022,394219296150.35364,50367032313.74639
241,1678510968072,20354.92119559217,393135456844.6971,48668454300.97657
242,1678514521914,20422.183524835124,394416578710.9508,50805465754.38678
243,1678518119463,20320.149386386733,392465519184.50824,50324665177.53994
244,1678521726283,19997.68589321568,386134629124.0036,49972464741.01974
245,1678525311038,20144.278466016294,388997584540.99854,52211165852.6224
246,1678528872978,20153.915419082572,387433540572.29877,52549987066.78068
247,1678532407600,20070.351740652604,387644152373.23083,50236327701.39279
248,1678536104738,20060.5039879907,387566181449.22845,48774988928.93134
249,1678539604488,20065.064620294488,388024297089.1997,48971886491.03958
250,1678543336169,20148.628585917606,389084548974.27527,46336255642.39259
251,1678546921157,20147.449083421205,389705498157.39417,43526450647.39915
252,1678550522086,20109.695014321405,388569072139.88257,42130039961.28095
253,1678554133079,20099.601274125893,388776684621.0742,37305145926.46996
254,1678557734802,20213.861350166047,390560514771.47766,39713417043.6705
255,1678561232045,20420.11198972381,392151794603.0479,39835178990.45856
256,1678564850932,20260.380642135693,390652672186.4102,38861966353.467255
257,1678568521814,20404.807576276766,393798187397.0358,38918298914.62291
258,1678572120462,20412.131059720636,393001039686.16986,39028318413.83517
259,1678575674693,20377.60331694696,393295438503.2456,37748617965.85511
260,1678579314168,20521.55615175117,394742728281.98926,37746654239.61721
261,1678582930233,20520.970591146033,394364918653.31824,37455183443.81674
262,1678586530183,20419.509940034084,394713534666.146,34687387893.51888
263,1678590131353,20354.176853327146,393673156817.1971,32125012681.658672
264,1678593781752,20378.894553520688,394062505763.3566,31238860839.865532
265,1678597342855,20395.774231576986,394358688367.38446,31557910376.18396
266,1678600915949,20385.416893300982,394368019246.12933,31454160639.065765
267,1678604529989,20394.706473365226,393873135815.24286,30941483667.51407
268,1678608133741,20374.722033031314,393093400382.2375,29372329249.44675
269,1678611733822,20416.506084115634,393752816207.43414,26857020987.18953
270,1678615318194,20390.358395002007,394160998202.01337,26085410866.539658
271,1678618983445,20445.639275555073,394620870968.2579,25405772686.93461
272,1678622530392,20467.19199163677,395445648139.3863,25190824247.313503
273,1678626167535,20395.909719893636,393638309884.30005,25290126179.426117
274,1678629660861,20433.739452060836,394686995301.74524,25296125790.409454
275,1678633217670,20359.197913801545,393248209459.2211,25000298091.252373
276,1678636925824,20380.899515488803,393882594174.28503,24751739053.537384
277,1678640474067,20588.4348291509,397075273925.01276,24656222958.598797
278,1678644020535,20965.374941618255,405438640405.8684,25771167734.88598
279,1678647670447,21402.332388997627,413199930861.94745,28297095835.37361
280,1678651355208,21114.52527939293,408225760870.99817,29812807597.17859
281,1678654933900,21329.194702247583,413491047597.35095,30886425244.011887
282,1678658448795,21392.936876282078,412592444514.84546,31503026401.23007
283,1678662070416,21841.337965967425,424489085281.60394,34761045558.75282
284,1678665729913,22095.71339833569,425816781283.92786,36639901908.82403
285,1678669310711,22510.30597574078,435471971904.70776,39288048884.35733
286,1678672814011,22443.81619414204,433522913213.11975,42080279199.176506
287,1678676568102,22288.21692113239,429951370766.60254,43054263349.05208
288,1678680099838,22291.19910050277,430404090276.6045,43368012247.09019
289,1678683725071,22279.216985148036,430337888470.86755,44099602796.75095
290,1678687329809,22296.13344729077,430835278408.2197,44803851910.61414
291,1678690925230,22284.490842625077,430448423452.8895,45122078688.76448
292,1678694571907,22295.9606322532,431164073764.8186,45816720168.428055
293,1678698023855,22297.295676561986,430439366396.88495,47294275923.20451
294,1678701830061,22071.314750764133,426386940004.0984,49049638384.13878
295,1678705246682,22206.30259462837,427547928257.1354,50607003555.40926
296,1678708924371,22155.39321703125,427462130074.5395,51292168752.66574
297,1678712581654,22166.150402447336,427432481028.8061,52822108021.05901
298,1678716241752,22603.884076937782,436627203447.8782,55964193579.827
299,1678719781106,23639.322487285062,457129629194.4246,61306392727.70262
300,1678723287799,24164.913413085374,466709271512.2514,67892464012.89364
301,1678726878499,24106.255524097673,465745966855.3207,55219051364.916595
302,1678730506482,24234.74127086627,467130541404.69946,55443387776.58049
303,1678734133042,24327.361509571547,469099021925.5629,70369056572.62883
304,1678737728598,24333.878559783203,470545148855.09204,54811146736.76881
305,1678741317990,24231.450867008527,468893974429.0019,54313417857.59114
306,1678744931808,24167.26438467382,468313542108.0279,71403654614.3034
307,1678748422613,24249.976304181328,468897381464.95856,68582711043.92974
308,1678752011200,24178.95532797469,466509005562.78174,66799159801.958115
309,1678755782027,24249.872857598242,469400672261.5391,64613348885.92314
310,1678759312705,24375.966818457986,469427801114.2923,63103662089.92513
311,1678762922732,24340.9638885713,470489720570.4781,62801776875.40138
312,1678766523239,24468.885171641232,472619609815.4191,62368320607.20935
313,1678770066292,24476.451711640875,472103522428.80743,62141943782.13776
314,1678773728127,24355.226620760808,471417324228.30835,63808830590.885605
315,1678777376116,24426.386388839936,471602484022.95624,63786534543.694435
316,1678780934463,24352.778705048626,468425897707.1543,64171202751.90267
317,1678784420499,24299.183267935605,470020368013.5735,63634947856.29432
318,1678788129648,24317.72025578217,469758690435.16504,61676314512.52439
319,1678791603407,24689.67218633145,472816220484.4854,62103002427.470505
320,1678795345202,24863.085907730452,479233477518.5631,62663364482.442955
321,1678798825470,25641.998775064876,493662103654.4456,68352103175.66109
322,1678802896616,25745.82629555543,498342246445.2165,71886058116.62209
323,1678806495097,25939.263045318294,501440455496.2284,69161468457.55775
324,1678810201136,25959.192986843434,501095527125.6143,62644644140.92395
325,1678813563861,25939.679079465554,500521075983.3657,61940742568.36863
326,1678816997495,25658.310832573265,495655856373.64056,61142501521.3201
327,1678820509792,25120.826977244975,490214061370.79425,61568445113.458046
328,1678824110126,24796.111840298596,474585151226.9819,63840942947.33557
329,1678827716961,24705.61021665985,479011848752.93744,66630479980.63481
330,1678831314980,24661.93431300108,474804758348.41693,69899322579.54337
331,1678834874097,24712.994794051767,477786987211.753,70490056521.99283
332,1678838430995,24758.765085827567,478406045309.6089,70714394276.37074
333,1678842004914,24688.201986208172,476189514438.30035,71458289682.21298
334,1678845709767,24997.97860226777,482925183671.58673,72037280343.48059
335,1678849300542,25008.25691045825,481946285671.6123,72440841792.88591
336,1678852959127,24819.898235957266,479708709336.1382,71792836865.31032
337,1678856517702,24900.991019521523,480744460918.65826,71366864304.26385
338,1678860072539,24801.70625525999,480186901282.10834,70188519149.40132
339,1678863664059,24877.101661287816,481202824182.5351,70316990751.69475
340,1678867318319,24973.09468982387,481565349796.80035,69642067231.72684
341,1678870850239,24891.35090336325,481358407541.4566,69020642376.56111
342,1678874502449,24688.399975881843,476385801394.90546,69337301052.44511
343,1678878117222,24675.020105134176,477550558994.40436,69604091866.22256
344,1678881603859,24890.78824841989,477454900754.5096,70305245399.54597
345,1678885240813,24895.522671542072,479743728758.22034,68855086301.58916
346,1678888914289,25018.74040906366,483962024697.9173,68132434163.07698
347,1678892523337,24750.833170525402,474670945553.022,67827235709.51491
348,1678896182067,24625.39873889541,475824241552.1651,67726278814.85114
349,1678899675010,24312.453878643257,469603446422.1704,68126810794.98207
350,1678903269827,24410.609630193478,469417436792.0336,70502458983.68195
351,1678906841875,24516.56079337933,473328697469.7589,69861139078.81015
352,1678910512277,24403.5494659232,471497475490.9156,68105123126.098045
353,1678914015033,24478.38430466262,472875466006.28265,65329999185.39367
354,1678917652768,24598.369655875988,475378049634.5783,63496818346.842094
355,1678921374014,24557.65441808675,474849072044.50854,63052683670.26964
356,1678924869490,24470.88205445031,472833547484.0809,63107437928.81401
357,1678928448398,24375.9295092638,470378909523.2578,62023978756.799194
358,1678932123916,24475.271950962127,471488548357.30676,61776689115.627754
359,1678935714491,24516.218550735783,474095186090.44617,61643188966.12907
360,1678939241529,24422.63822973852,471371234795.2119,63345027778.012375
361,1678942915022,24398.165047047198,471016195946.9514,64374987380.67765
362,1678946448147,24510.30672291863,474089225068.16516,68267968026.78825
363,1678950094796,24696.429404530147,474683020994.83936,72988552885.92696
364,1678953716105,24718.9915517189,477545110152.0292,76726990728.6312
365,1678957326536,24730.28129747348,478240630937.6827,79779264319.17552
366,1678960810189,24826.791485966107,480555568068.96497,80422244533.83286
367,1678964516510,25115.52971766906,485086317259.1071,81475157457.6467
368,1678968092775,24994.007310680772,482242049813.4532,77036595339.83073
369,1678971665534,24879.074051763568,481350825533.9472,73511459303.08865
370,1678975222478,25014.287139261098,480769629678.28516,71075492705.70862
371,1678978920126,25047.200018165368,484632862635.6715,69526540988.56174
372,1678982516688,25063.232466334084,484014436318.241,68404751401.00564
373,1678986125347,24952.901944704994,480845861614.598,65471460776.77731
374,1678989721642,24860.079103376273,480442605274.36523,62318070774.96829
375,1678993312843,24947.83238849245,480075755229.93304,60888311767.41058
376,1678996817975,25059.750596956594,485056660786.8205,60923418811.75023
377,1679000405998,24851.30235343408,483562074162.7923,60673437445.67763
378,1679004050242,25103.51118448701,485680505250.72144,61129240276.9231
379,1679007720485,25116.780421336913,484812463143.4852,60943532560.73512
380,1679011378479,25166.029424758133,486375597562.7987,60533697807.17555
381,1679014902150,25076.024083679393,484541330256.27686,59775970855.71945
382,1679018402102,25741.588200453516,494592781187.19037,61805292475.80574
383,1679022066835,25818.189916341948,498074633137.95605,64593253664.16461
384,1679025719835,25864.00769443923,499253730366.17035,63378604424.42049
385,1679029255098,25904.928311498516,500621220258.54395,61321777160.03372
386,1679032921051,25898.895135586827,499921714750.88495,57858015967.73045
387,1679036421821,26329.637046055537,506997694555.6008,55664746800.58672
388,1679040055565,26214.772369205864,506143094706.5729,52348416669.91967
389,1679043658063,26158.87194757435,505501842996.56335,49773490534.72339
390,1679047321092,26427.63182210504,507583367600.9129,50311579914.51635
391,1679050805972,26817.869726969802,517742321172.6203,51470002825.64312
392,1679054442965,27084.76471501015,521236460993.91614,52443625466.487625
393,1679058068669,26784.0475634558,516610998987.5982,52775652398.839096
394,1679061726589,26653.468787858637,513711963199.7745,53106486080.46836
395,1679065320012,26396.068929757705,508544335777.1016,53633439139.92025
396,1679068920542,26561.1575833419,511513999697.9466,55680921893.68037
397,1679072492547,26566.709959555843,513240875046.041,56408093882.34569
398,1679076167020,26618.393103473772,515171103854.0603,57079961818.44396
399,1679079731089,26642.65413285275,514405628089.05176,58073744919.70884
400,1679083213249,26882.703218156807,520143676266.3273,58439707794.42812
401,1679086818199,26872.633478369087,517451399439.4934,58897729556.961685
402,1679090495754,27269.751882794444,519758078993.46387,60120353242.092125
403,1679094133074,27742.56730419985,539454061710.40607,63013937785.759445
404,1679097617739,27454.092345483394,530038219067.3334,64638763139.19911
405,1679101322118,27710.295055502036,532539644942.6558,66685410419.10265
406,1679104917820,27494.337717553793,531907251862.56885,66762970836.38956
407,1679108530487,27445.352514421415,530552557029.2166,64353682808.01261
408,1679112041496,27441.673614167797,530024841441.86523,64270177407.65382
409,1679115775728,27474.098368255283,531962061680.5576,63970932284.97546
410,1679119299907,27804.542131689355,532715897772.76,64655448894.73596
411,1679122847965,27608.992574187047,533447617334.3105,62644798927.74218
412,1679126546394,27506.083804788814,532529999939.8867,61222314444.85881
413,1679130008343,27402.917920905922,528941823290.1116,60429908102.09006
414,1679133731946,27531.589121390465,531934391965.7451,59995972063.28288
415,1679137310344,27605.29681414615,532311014295.77484,57767102261.08426
416,1679140920487,27580.51848203445,532035182351.3952,56511804652.78087
417,1679144495462,27673.782703161145,535652064291.6141,54750446830.26065
418,1679148036052,27568.65132863367,532804156946.76825,53795813759.2635
419,1679151729777,27677.177457027617,534686859881.44183,52184115790.31616
420,1679155318987,27413.219280424782,529653551039.0152,52225719236.40921
421,1679158921880,27356.739376378075,530162760559.8997,52794998254.79876
422,1679162532340,27457.570850164277,529498991424.0092,53102534814.66079
423,1679166003431,27420.084097608957,529847548830.49615,52471425176.74261
424,1679169726298,27502.833807720843,532276878993.29785,51682547269.72147
425,1679173298858,27522.260694125962,532452507067.06915,51015105641.7281
426,1679176929199,27399.564950037668,528976266360.33417,49679009412.7701
427,1679180524249,27126.21038189572,526225587423.5897,47408528687.42727
428,1679184129618,27124.652906181986,523262280970.14777,46442794621.4851
429,1679187619481,27267.24261409408,526913766969.86127,45421739718.99445
430,1679191249767,27319.087664217812,527420168312.9073,44054642060.48474
431,1679194817388,27319.31420792679,527718244415.6398,43403256690.431915
432,1679198467830,27359.21952530413,527872387551.4819,42837696516.57844
433,1679202043940,27324.78733235095,528256089123.36084,42848379777.705925
434,1679205670446,27266.355391351244,527484556054.7224,42338149629.522
435,1679209213995,27122.66773886824,523142929804.1141,41778015744.54904
436,1679212847342,27157.799501043388,524821893024.08246,41893728699.72136
437,1679216437303,27182.84199829757,526317673596.04175,41450542597.83
438,1679220103280,27238.465164906407,525946303741.2167,40704540717.99601
439,1679223612496,27226.274597285057,526034753490.1989,40955093454.79995
440,1679227204739,27325.036774961274,526490689295.33325,41122944937.76046
441,1679230817494,27421.158271462824,529772684759.1374,41481993012.09774
442,1679234478523,27365.966558370656,528802421584.8644,41881699368.555336
443,1679238045758,27470.99995925533,530518596439.28595,41173037443.725586
444,1679241693627,27759.282331716247,535422753766.65625,41634712149.31175
445,1679245281249,28141.506879232136,542462973302.5384,42003822746.883675
446,1679248806862,28100.154278815622,543616628737.4548,42384913251.66171
447,1679252451943,28341.52776458604,546144424238.7385,43034779669.71479
448,1679256063129,28376.48246091515,547891173502.0069,43816919527.62142
449,1679259718635,28038.69586124248,541622856624.2363,45690124249.091774
450,1679263216860,28167.573990980018,545197632191.5333,46589869103.00809
451,1679266812428,28277.7137622549,546335905867.1388,45626187579.90521
452,1679270446059,28133.48527609605,546680822196.2155,46449892326.48987
453,1679274081859,28038.235903730918,543394066157.4378,46802425332.57478
454,1679277609066,27846.412210173265,539261700371.28076,47331574944.925514
455,1679281273395,27602.100596768156,532581608733.62933,48893356991.11184
456,1679284844817,27465.206770213725,530136632679.6089,49977766789.24476
457,1679288517587,27606.204131333387,533072544865.8157,50476379275.36559
458,1679292095066,27591.099545336616,532735992715.27704,50835240862.403725
459,1679295606113,27873.27842887241,536050196757.3334,51411550953.38486
460,1679299230372,28374.629820408125,546422643900.2691,53470783715.57055
461,1679302880130,28500.164499808237,549321145075.3965,55302557075.415436
462,1679306408769,28363.243288114227,546152722165.0169,56180016196.859535
463,1679310116807,28298.503036191098,548407436436.18164,57224981527.98261
464,1679313663971,28373.890428636583,546332286372.6641,57698654266.56336
465,1679317246455,28417.586260101016,548825956328.6873,57619308771.14494
466,1679320898522,27973.738781924432,541326427521.46106,58385015380.177536
467,1679324435762,28179.317746020937,543454926498.3631,60606670348.32673
468,1679328041232,28034.128021544704,542446195102.9077,60041880042.00271
469,1679331617652,27881.292218666982,537150936911.04376,59129151137.15023
470,1679335220466,27901.876170550073,540266594669.29266,58252841492.594925
471,1679338822816,28192.670752151833,545288273660.1643,58382647789.28516
472,1679342461714,28046.412524833264,542538398514.2589,57766415623.41723
473,1679346091389,28239.10263844189,544475511949.4811,56216977649.22105
474,1679349627301,28265.12603228938,544224935016.6362,55833072429.25238
475,1679353246419,28233.87063624655,545644223485.5474,55474804138.68816
476,1679356853985,27960.961697157865,538935400013.3555,55322209282.955086
477,1679360432843,28115.920999810336,543414576097.5046,55053353731.16474
478,1679364060611,28093.496921587102,543065039165.2766,54596935786.01324
479,1679367645829,28024.838877955415,542251884399.7884,53256150686.682594
480,1679371234917,27967.194563679157,540500419824.3645,52258651455.9632
481,1679374838315,28127.47311149861,542999712207.09827,52372812637.599754
482,1679378538599,27988.590045028493,541394607058.94403,52371068616.22533
483,1679382149378,27893.8717507881,539090564872.7889,52189808914.934044
484,1679385617897,27743.731861826895,537390944535.6846,51737485167.945404
485,1679389332958,27851.32601093579,537865609564.9733,52508493358.7692
486,1679392902713,28175.04892281938,546486454749.9606,51918828439.690636
487,1679396518955,28219.800433352655,546335756726.5928,51928910484.09897
488,1679400161215,28295.666458029933,546220389653.3207,51769757510.86005
489,1679403734318,28432.31958863622,548082857213.15,52595344462.64837
490,1679407480877,28257.202242856685,546064116902.17456,52246955565.738396
491,1679410899795,28103.00611700219,544162120439.49585,50763358808.975204
492,1679414468954,28266.696872468296,545594380520.6989,50709882313.75143
493,1679418089788,28617.570560839817,551451520320.6156,50748343100.82295
494,1679421632984,28248.039696797292,547148908327.3204,34926277517.40731
495,1679425275799,28301.63545730713,546856996920.4735,35784775796.455154
496,1679428935897,28333.76069698013,548315349490.39825,35226464059.31385
497,1679432421502,28239.737909389765,545918989670.1809,35455613579.73484
498,1679436053924,28197.0324867261,544776908681.1692,34835003819.37933
499,1679439762059,28217.53621768342,544491038119.5494,34895763319.088264
500,1679443292275,28294.102225322193,545917428270.10583,34457570110.44463
501,1679446856875,28152.771010465058,543695678107.5047,34289933705.54066
502,1679450565755,28244.43391063248,546070443385.64514,33832202721.80044
503,1679454194373,28217.014099591288,545275625717.52155,33560335410.22681
504,1679457698710,28322.76057456111,547724693007.2178,33745612494.581688
505,1679461322640,28376.1677690613,547129343847.3155,33009821687.238605
506,1679464810964,28371.252866073635,548423693610.9066,32749438844.531513
507,1679468595167,28353.551588950824,547566694697.99133,31957019869.169903
508,1679472106252,28269.678525115552,546127548411.9264,31092200426.15668
509,1679475724653,28286.399031197296,547030947640.1547,30331493540.621788
510,1679479314604,28249.446585628688,545127931974.3766,29596684366.298717
511,1679482872672,28325.788457903254,546475441557.8031,28286368641.646374
512,1679486530367,28293.920871143207,546977618113.12524,37821296546.11924
513,1679490185923,28401.23567674259,548439388463.94055,36643211981.335526
514,1679493829514,28475.570229403787,550604674975.8035,35231391280.61092
515,1679497330457,28739.986682874245,558626980166.9465,32350126200.235474
516,1679500895270,28783.513771568014,554746595294.3867,32888690529.6454
517,1679504522127,28792.012531509805,556403655522.5623,31811935435.26813
518,1679508067915,28691.600039278674,551289715113.723,31164751161.52927
519,1679511675215,28247.23303961758,552245502268.6497,32850216025.64199
520,1679515321767,26980.196144904265,521394475896.16254,34990112272.15769
521,1679518856017,27539.738185150865,531635524991.3004,36106234519.88101
522,1679522470896,27335.099549273044,529967425967.3182,35945568881.93285
523,1679526093854,27417.987800920448,527772734475.68256,36109497148.10414
524,1679529623175,27449.254830807356,530515158753.954,35394833933.50181
525,1679533276191,27538.84697445696,532566099490.09546,35389864916.71017
526,1679536923950,27410.84869571786,529465771812.8103,35215833510.83666
527,1679540403396,27560.998895218454,532353034959.57434,35027291982.63822
528,1679544001583,27605.581828721628,532356463683.43866,34670098028.15797
529,1679547613949,27547.901362758814,532468140715.74133,34412148906.01739
530,1679551291218,27840.066120005416,536619205285.82294,34636010854.28306
531,1679554853686,27878.638179115733,538757088574.0558,34638419710.075455
532,1679558519653,27863.234282336645,536280461197.2293,34259278031.94225
533,1679562051470,27881.910007384988,538509634744.8162,34239873583.518326
534,1679565720450,27828.13206846333,537084964688.681,33815183388.643734
535,1679569239324,27830.25470667267,538021889449.2025,33682741825.85935
536,1679572917980,27725.726447152374,535931234665.80084,33703154180.655273
537,1679576540095,27705.628510928695,536776438600.777,33585626768.08761
538,1679580171159,27594.01640878756,533023778309.4659,33556577765.44928
539,1679583730849,27882.731303243127,535289101312.94586,33029048390.377758
540,1679587306489,28758.095490583008,555720043936.3037,34883039363.44688
541,1679590849835,28658.66907799722,552132274756.3429,35231740793.04479
542,1679594440026,28446.554825707346,549085603852.813,27017918480.172527
543,1679598054213,28005.124536558167,545752120764.12286,23925057011.13102
544,1679601680163,28587.928116967007,552495816258.631,21911586958.685154
545,1679605217880,28346.162367527544,548188251207.34656,20925254184.21748
546,1679608900730,28333.903828945186,547647979978.3506,20586715279.620316
547,1679612509543,28384.27699662628,548961310924.69617,20305000051.436584
548,1679616109560,28454.455650438067,549578396178.6341,20381902354.70583
549,1679619639920,28403.34552262699,549775331903.6862,20065169083.46604
550,1679623201834,28404.054088611272,549733528969.9069,19912729018.494682
551,1679626808848,28319.81930698715,548436946734.5978,19901764487.14677
552,1679630518825,28346.476260476997,547839930929.6369,19846758014.075012
553,1679634114803,28282.706045285904,547023330778.4733,19976928172.171837
554,1679637645842,28404.110848007396,549046304319.8944,19404339539.66535
555,1679641295153,28378.806993954087,548789414582.3482,19567382311.773575
556,1679644936528,28423.60452041405,549357828529.754,19628791234.300198
557,1679648474952,28182.627773385197,543009372940.0545,19897452011.301277
558,1679652122019,28168.89040545487,544412736448.0496,20167814964.563404
559,1679655609998,28114.05622962413,543911401641.72894,20349578139.39818
560,1679659309312,28057.46505101403,535984385973.83136,24697302266.925785
561,1679662864722,28158.176934956813,544267062243.53076,24985404243.080307
562,1679666522675,28156.301701543103,544175238076.5265,24847821768.648067
563,1679670076356,28182.940965951984,544925137806.3971,24757236006.079067
564,1679673760296,28187.540850684465,544774536085.2419,22889139700.589813
565,1679677215867,28084.909758819864,542369351473.30023,22601304569.307972
566,1679680815717,27783.84563108444,537657226761.77014,22635718701.875496
567,1679684450975,27966.743764532937,539561791876.9862,22443308355.871426
568,1679688093008,28049.586471134895,540863239123.21454,21870321146.563553
569,1679691727537,27750.2906781151,536336278253.0772,21417651014.322155
570,1679695278765,27531.04456350808,531584155201.2305,21917155442.653137
571,1679698835787,27487.11350938197,533191205859.5808,22220809734.14453
572,1679702520499,27651.32595121404,533634255119.3758,21928062459.900997
573,1679706047245,27715.7197072436,536158801584.95404,21813646905.603176
574,1679709650130,27649.299546410395,534423038961.92773,21308153988.198086
575,1679713325638,27645.11347096377,536467624889.4962,21030299273.047634
576,1679716820720,27743.022392007246,536323558543.5225,21150120586.187748
577,1679720441690,27681.998104473965,535181900884.3278,21292863625.862865
578,1679724111235,27621.265261281427,534303890714.3672,21274325682.184143
579,1679727618835,27676.834582835316,535137527189.1603,21379473874.603226
580,1679731323824,27685.943202489078,535822382218.85443,21188965923.04973
581,1679734858301,27601.46577545931,533859053360.7258,20469293384.284508
582,1679738521881,27676.628337488713,533570575706.7932,20511297840.79689
583,1679742112923,27654.210701178345,535204930190.081,20297695226.955677
584,1679745668553,27499.091640430164,533647977593.5725,19561484499.801647
585,1679749264500,27615.631506667498,533589832375.8204,19585579576.44827
586,1679752907210,27747.05476639272,536289580317.2825,19627388486.50114
587,1679756425820,27741.144571445886,535992015118.2349,18491439270.376495
588,1679760036811,27831.423558079576,539044718180.9473,18287348543.149723
589,1679763717182,27825.40320588208,538062213158.7045,17845316142.92906
590,1679767290118,27682.849497911746,535836351413.4087,16878620150.873085
591,1679770833225,27671.393084829055,534834926926.4158,16258217936.160654
592,1679774406648,27472.775494071037,531539491240.4098,16495978353.961546
593,1679778021184,27578.59447932372,533288543294.6195,16481617129.171358
594,1679781670963,27610.6901122306,533266281504.33203,15387749723.470016
595,1679785266034,27652.569702809393,535339810327.7568,15275616513.795265
596,1679788874457,27670.199498496833,534960802333.31067,15053754845.31385
597,1679792467943,27760.35855900354,537495447714.7129,14978613033.271994
598,1679796014549,27773.705254472854,536975968183.1307,14841744025.147202
599,1679799666673,27796.91842206897,536418701642.6936,14948605349.622332
600,1679803226516,27706.41908213191,536254861104.01544,14922156213.13404
601,1679806842555,27677.15119547654,534682507802.9014,14694412028.112823
602,1679810528587,27738.37588247121,536214155327.09564,14680595925.537443
603,1679814119124,27679.772363055243,534840292477.5169,14420126703.56786
604,1679817682374,27668.315367924897,534864280889.4308,14149740394.30338
605,1679821251042,27848.08080274735,537712565780.7168,14459449628.51318
606,1679824918430,27835.903810497137,537801734502.5217,14297673737.657587
607,1679828512866,27851.164793819164,538488829657.94025,14114922629.6851
608,1679832099574,27847.032048617446,536727109895.41205,14365345390.167755
609,1679835634089,27944.87598491063,540390031336.51044,14736439934.92352
610,1679839277901,28245.97704942708,542564366237.3752,15015108319.961832
611,1679842918762,27844.09063775743,538123237525.2198,15464006910.186201
612,1679846487328,27899.30766456007,537947474612.8402,15354985021.960981
613,1679850015078,27853.55907805336,538654972445.85504,15140436030.983969
614,1679853700590,27880.643522995575,539220198605.54553,14952397392.637516
615,1679857329107,27864.95808579578,538402367958.86414,14693587326.434246
616,1679860820464,27894.88915990283,538900589398.01245,14360958637.519854
617,1679864472115,27796.40165772734,537533004942.9363,14004684116.364481
618,1679868043320,27876.285521109356,538104718086.21655,13973019840.15431
619,1679871720797,28150.061945105495,542556335979.79987,14214223518.382929
620,1679875255430,28020.14901302969,542675619058.77966,14491112331.31036
621,1679878916554,28034.18015010017,541479715769.875,14233431537.447313
622,1679882472656,27891.758660222138,539218858618.0291,14337295405.147364
623,1679886003636,27936.235651289797,539169277147.46155,14342043684.156895
624,1679889687671,27939.817991981865,540456735521.69543,14279079686.240137
625,1679893208129,27971.822742018718,540119202522.8976,14654844975.956335
626,1679896872258,27762.89012787396,539644254472.1402,14836533581.057833
627,1679900447283,27836.391169842547,537146744369.9755,14815727273.42484
628,1679904062139,27854.460293035063,539149423076.56946,15251780309.774158
629,1679907993319,27904.312780964203,539096688884.6901,15105511855.209349
630,1679911672161,27978.14222852354,541044734164.84906,14991745121.644169
631,1679915067843,27958.892134014593,540731758440.3707,15288231443.791828
632,1679918524960,27930.772703164163,539681115361.88464,15394985565.523012
633,1679922101991,27774.29953572897,537705901432.2168,13203611051.975363
634,1679925679322,27723.68180743373,539155825562.662,13376114261.9168
635,1679929233940,27389.35338565434,530246723417.4171,13926206092.275618
636,1679932870793,26945.145105671996,520845262833.98755,15971255773.177422
637,1679936421359,27153.73740565239,525552991431.0946,17293632930.127617
638,1679940005107,27042.900081253443,523200566022.84674,17668033160.732002
639,1679943768534,27137.629476382142,524951912758.22406,17696946652.57609
640,1679947253450,27022.007585229047,523254629119.0557,18209863516.88315
641,1679950894794,27088.88735025473,522964328918.31995,18460429913.192734
642,1679954529947,27224.45930172237,526250649565.52594,18794120511.04772
643,1679958097210,27147.317187817665,525180706575.4932,18753609842.14274
644,1679961629669,27182.299559950465,525230880103.13837,18519053231.63728
645,1679965748890,26973.929092903672,521743885315.59937,18583996143.48148
646,1679968987308,27094.169485212864,524084515652.1551,18662873223.088856
647,1679972522431,27065.11911892731,523113417866.44495,18650739333.29597
648,1679976527004,26986.389441737927,522151591546.9266,18659165139.677032
649,1679979618927,26965.385060305543,520981854094.9658,19079288267.705048
650,1679983299834,26992.0101543345,521360692666.3006,19170981319.77596
651,1679986866274,27111.74432818555,523612896082.8963,19278493585.929096
652,1679990529543,26994.024778742292,523639695396.7775,19250394119.584488
653,1679994140225,27058.115369895942,522890938647.1332,19216328407.829975
654,1679997665625,26941.788158333573,520977029550.65466,18967167428.26621
655,1680001320801,26777.57187091025,517274769876.8377,19362628455.334976
656,1680004832533,27160.009728616275,521175134837.3571,20197444579.07383
657,1680008624758,26999.008340567005,521906004665.84753,20585066159.233124
658,1680012163919,26926.708519522104,521196573144.896,20394197489.2386
659,1680015603240,26952.37343925619,522142765868.2471,19664817154.222946
660,1680019297656,27018.69140365412,522691579132.84247,17296570219.553814
661,1680022989881,26909.79845092738,520969091080.7747,16347921492.23776
662,1680026564989,26907.739194785794,519278493933.4972,16169079989.16407
663,1680030043519,27348.21824936017,525751548786.4382,16787524772.30704
664,1680033754447,27481.713143173212,531244682141.71783,17619124368.19425
665,1680037419131,27339.01100642764,528371533199.98694,17732797965.984306
666,1680041036428,27229.31622774952,526384959389.4403,17749389996.616177
667,1680044590177,27240.192002734282,526286602854.17285,17584666141.933247
668,1680048004083,27291.3500210497,528042785008.98267,17658503318.910484
669,1680051843982,27309.532592901374,528055171012.31415,17210188715.385326
670,1680055301623,27341.587821487923,528717167761.5828,17057433729.349115
671,1680058894853,27430.04766565408,529640284321.35376,17302088531.850506
672,1680062506474,27386.853888167905,529512681298.5969,17079585435.094301
673,1680066024807,27603.700486381702,533158277270.5175,17603798213.8309
674,1680069721029,27577.964443645193,533182641118.51917,17892465496.13741
675,1680073329662,28058.08255475024,543460322794.91095,19288794127.5591
676,1680076921101,28113.907394924812,543365765704.357,20087917553.832073
677,1680080410890,28578.320624437834,550889451228.6017,21842016486.460262
678,1680084084970,28360.641204405787,548938940375.2059,22409157285.738247
679,1680087685545,28398.806753669505,548858892305.8925,22193039777.88782
680,1680091268697,28365.426589110797,547876193379.33673,21712571687.742126
681,1680094864426,28397.73097356602,548914931366.6871,21599555625.73106
682,1680098430353,28396.988842812163,549171817403.1226,21309297895.534885
683,1680102070153,28305.696135812595,547550433708.2019,21650392523.867825
684,1680105671550,28452.439593706004,550288398577.6804,21805478038.321064
685,1680109278802,28238.370703020413,546546826245.8992,22024840269.78333
686,1680112872710,28258.555701704565,546283602116.92645,22005859948.756905
687,1680116519707,28342.04712154272,547659552072.61414,21700273789.120197
688,1680120043756,28432.611735261013,548763713808.342,21031181273.901005
689,1680123714742,28417.104616134024,549408504721.72107,20870010663.517296
690,1680127268323,28423.435523623306,548723608010.2001,20891027420.861507
691,1680130856555,28420.72988251652,549042458598.7439,21176691328.993595
692,1680134477223,28394.997780199057,548808373530.0567,21097595427.489532
693,1680138044462,28340.814462209884,548739614917.76465,21183439904.598015
694,1680141651018,28378.845201566335,548552356883.66486,21171350735.124214
695,1680145264425,29021.35212033292,560637952739.2609,23355951827.63779
696,1680148844460,28578.00864398119,552173807387.8907,25422864434.088543
697,1680152447407,28640.886467583445,553322741435.0604,25536315032.495922
698,1680156041824,28623.672477177694,552664018510.5325,25360152597.144764
699,1680159670226,28667.97512947155,553373581332.2612,24149190322.948902
700,1680163204352,28736.972258532056,555157435203.326,23634162740.23186
701,1680166812941,28661.39416979196,553607248275.4038,22177077394.011528
702,1680170468840,28616.57188936186,553123288099.1228,21694276811.87861
703,1680174055477,28591.455067420997,552384981015.0386,21234874753.673588
704,1680177660027,28682.10047654948,554600680484.8894,21207622086.381817
705,1680181259275,28683.25845465232,554854627693.2028,21092954936.870552
706,1680184801754,28512.699517800833,552951064818.9961,20970366986.562992
707,1680188464232,28441.78263686473,549453824319.0106,21111463762.473114
708,1680192034280,28314.489463567494,547062459270.4492,21200851944.76812
709,1680195703831,28278.646355863617,546921988073.07074,21689793322.942013
710,1680199308154,27801.284950421323,538858960891.09125,22271999949.200146
711,1680202806645,27893.67508385982,539518487198.367,22174797037.21571
712,1680206449125,28010.60171816179,542175328604.73004,22451726457.377136
713,1680210009919,28179.752814322535,545053929243.0915,23193898312.264244
714,1680213707699,28079.024946210586,543516654109.0891,22692059224.22673
715,1680217213654,27915.007825963992,542516587037.96564,22947697483.001793
716,1680220847854,28041.123080088284,542369769760.28796,22702531379.35043
717,1680224459137,28313.085380426633,544437603926.7784,23452938018.455368
718,1680228049258,28167.774941759057,544982596857.7364,23685863181.764824
719,1680231621392,28187.049867761845,545330379877.051,22104954128.940147
720,1680235251292,28208.51780023613,545060767443.89526,19762506132.11857
721,1680238848081,28238.343007178697,545833287905.19775,19210919291.88264
722,1680242474307,28067.573064673663,544473988569.83014,19151270135.14758
723,1680246090488,28102.470225017663,543635839624.4073,19069587336.574173
724,1680249621461,27755.849630502697,534631460963.6799,19940418654.303547
725,1680253273505,27843.27172950751,537685431918.66223,20401631100.549072
726,1680256849809,27834.11811146376,538451838658.74414,20023279335.141243
727,1680260475484,27952.205531422333,540175518831.4092,20222110444.363274
728,1680264009448,27973.01090521896,540943059388.6891,20231039738.61495
729,1680267642982,28098.568480575395,542635161122.71967,20515939160.78828
730,1680271301350,28433.95699730183,550924448639.2227,21371710627.83477
731,1680274902506,28573.195069797803,553456316035.7031,21487480381.12688
732,1680278458956,28453.70588056674,549313052348.9912,21636945133.112427
733,1680282067410,28427.133069662952,549488401062.7809,21076441937.15886
734,1680285666626,28331.91907922445,547675324121.01013,20407395085.49875
735,1680289268326,28396.930826425294,549197219181.7891,19906671879.824062
736,1680292871293,28480.679190765833,550520942473.5874,19690019646.703835
737,1680296417486,28449.801858037066,551007708383.6388,19422791245.398262
738,1680300074032,28545.696125542672,551351096900.8851,19319290581.75419
739,1680303632077,28614.720752692487,552925787042.2028,19222219665.8666
740,1680307255714,28512.59557632949,551707238559.8757,19070123899.707325
741,1680310885571,28461.85231762472,550305458726.9922,18338811548.385647
742,1680314432753,28630.791082786527,552143729122.3561,18013349017.49476
743,1680318054545,28616.450159987104,552442783012.7902,18259164739.78638
