Timestamp,Values
1451606400,430.89
1451692800,434.75
1451779200,432.76
1451865600,430.78
1451952000,434.17
1452038400,432.43
1452124800,429.26
1452211200,458.66
1452297600,452.64
1452384000,448.47
1452470400,448.43
1452556800,447.98
1452643200,437.0
1452729600,432.63
1452816000,429.55
1452902400,363.75
1452988800,387.87
1453075200,380.16
1453161600,385.49
1453248000,377.41
1453334400,420.35
1453420800,409.62
1453507200,381.5
1453593600,385.09
1453680000,403.19
1453766400,390.92
1453852800,391.66
1453939200,394.36
1454025600,379.82
1454112000,378.18
1454198400,376.6
1454284800,367.86
1454371200,371.99
1454457600,373.05
1454544000,368.46
1454630400,388.0
1454716800,384.07
1454803200,375.29
1454889600,375.0
1454976000,371.55
1455062400,373.46
1455148800,379.14
1455235200,378.02
1455321600,382.62
1455408000,389.88
1455494400,405.08
1455580800,399.21
1455667200,407.0
1455753600,414.87
1455840000,420.53
1455926400,419.98
1456012800,435.19
1456099200,438.0
1456185600,436.76
1456272000,419.25
1456358400,423.79
1456444800,423.46
1456531200,430.0
1456617600,431.59
1456704000,431.89
1456790400,436.75
1456876800,433.66
1456963200,422.5
1457049600,420.06
1457136000,408.4
1457222400,399.17
1457308800,405.69
1457395200,412.37
1457481600,412.15
1457568000,412.84
1457654400,416.0
1457740800,420.11
1457827200,409.9
1457913600,412.85
1458000000,414.99
1458086400,415.7
1458172800,416.64
1458259200,418.49
1458345600,407.96
1458432000,409.11
1458518400,411.81
1458604800,411.95
1458691200,416.39
1458777600,417.96
1458864000,415.17
1458950400,415.98
1459036800,416.96
1459123200,425.0
1459209600,422.86
1459296000,415.83
1459382400,413.74
1459468800,414.83
1459555200,416.31
1459641600,419.13
1459728000,418.51
1459814400,419.71
1459900800,421.66
1459987200,421.6
1460073600,419.95
1460160000,417.86
1460246400,418.58
1460332800,420.75
1460419200,422.63
1460505600,425.69
1460592000,423.87
1460678400,424.38
1460764800,429.45
1460851200,430.58
1460937600,427.31
1461024000,427.42
1461110400,435.95
1461196800,441.82
1461283200,451.0
1461369600,447.7
1461456000,451.92
1461542400,460.03
1461628800,462.5
1461715200,467.55
1461801600,445.29
1461888000,449.98
1461974400,455.97
1462060800,448.84
1462147200,453.0
1462233600,443.84
1462320000,450.61
1462406400,446.84
1462492800,449.37
1462579200,458.98
1462665600,459.02
1462752000,458.31
1462838400,460.66
1462924800,450.78
1463011200,452.84
1463097600,454.26
1463184000,455.82
1463270400,456.31
1463356800,457.34
1463443200,454.0
1463529600,453.08
1463616000,452.99
1463702400,436.05
1463788800,442.52
1463875200,443.21
1463961600,438.47
1464048000,442.99
1464134400,444.1
1464220800,448.7
1464307200,452.05
1464393600,469.98
1464480000,526.64
1464566400,511.3
1464652800,526.42
1464739200,531.97
1464825600,538.37
1464912000,538.0
1464998400,567.88
1465084800,573.85
1465171200,573.91
1465257600,583.72
1465344000,578.07
1465430400,583.1
1465516800,574.32
1465603200,577.95
1465689600,608.01
1465776000,665.85
1465862400,704.5
1465948800,685.19
1466035200,693.88
1466121600,765.0
1466208000,746.63
1466294400,751.96
1466380800,759.35
1466467200,724.04
1466553600,664.46
1466640000,592.81
1466726400,622.08
1466812800,665.0
1466899200,660.44
1466985600,630.19
1467072000,651.85
1467158400,645.15
1467244800,635.99
1467331200,667.95
1467417600,675.63
1467504000,701.41
1467590400,656.97
1467676800,681.98
1467763200,668.0
1467849600,673.76
1467936000,638.5
1468022400,663.0
1468108800,647.41
1468195200,648.35
1468281600,649.33
1468368000,664.5
1468454400,652.87
1468540800,659.12
1468627200,663.19
1468713600,661.32
1468800000,679.58
1468886400,673.46
1468972800,674.95
1469059200,667.5
1469145600,664.0
1469232000,649.75
1469318400,655.53
1469404800,661.48
1469491200,654.98
1469577600,651.16
1469664000,655.37
1469750400,655.54
1469836800,654.88
1469923200,654.68
1470009600,623.91
1470096000,605.56
1470182400,530.74
1470268800,564.01
1470355200,577.44
1470441600,572.72
1470528000,589.5
1470614400,592.56
1470700800,591.69
1470787200,584.98
1470873600,591.5
1470960000,586.01
1471046400,585.91
1471132800,583.34
1471219200,567.34
1471305600,565.69
1471392000,574.94
1471478400,570.92
1471564800,570.3
1471651200,572.84
1471737600,577.52
1471824000,577.24
1471910400,583.3
1471996800,581.98
1472083200,578.75
1472169600,575.75
1472256000,577.77
1472342400,567.2
1472428800,573.2
1472515200,571.5
1472601600,575.97
1472688000,570.76
1472774400,571.0
1472860800,572.0
1472947200,595.01
1473033600,603.95
1473120000,604.99
1473206400,608.16
1473292800,615.33
1473379200,625.06
1473465600,622.0
1473552000,621.65
1473638400,604.02
1473724800,608.01
1473811200,608.82
1473897600,608.99
1473984000,606.72
1474070400,607.04
1474156800,604.09
1474243200,607.31
1474329600,608.66
1474416000,605.5
1474502400,595.46
1474588800,594.08
1474675200,600.7
1474761600,599.33
1474848000,598.98
1474934400,606.79
1475020800,604.26
1475107200,603.85
1475193600,604.13
1475280000,608.38
1475366400,612.98
1475452800,608.6
1475539200,612.98
1475625600,607.18
1475712000,608.0
1475798400,609.41
1475884800,614.74
1475971200,614.46
1476057600,613.06
1476144000,614.77
1476230400,638.3
1476316800,635.16
1476403200,634.02
1476489600,638.2
1476576000,636.86
1476662400,638.97
1476748800,635.54
1476835200,635.95
1476921600,627.72
1477008000,628.89
1477094400,629.0
1477180800,653.25
1477267200,649.69
1477353600,643.93
1477440000,651.45
1477526400,674.63
1477612800,685.0
1477699200,685.91
1477785600,712.0
1477872000,697.23
1477958400,697.01
1478044800,726.6
1478131200,741.12
1478217600,683.69
1478304000,702.71
1478390400,703.48
1478476800,709.96
1478563200,703.23
1478649600,708.15
1478736000,721.5
1478822400,714.48
1478908800,716.2
1478995200,702.28
1479081600,700.38
1479168000,705.03
1479254400,711.73
1479340800,739.42
1479427200,736.84
1479513600,748.98
1479600000,750.71
1479686400,727.09
1479772800,736.97
1479859200,749.26
1479945600,740.17
1480032000,735.64
1480118400,737.07
1480204800,729.91
1480291200,727.31
1480377600,729.45
1480464000,730.02
1480550400,742.05
1480636800,750.81
1480723200,769.99
1480809600,762.97
1480896000,762.0
1480982400,750.59
1481068800,758.99
1481155200,766.48
1481241600,767.28
1481328000,769.08
1481414400,772.28
1481500800,768.19
1481587200,777.99
1481673600,778.49
1481760000,777.09
1481846400,775.88
1481932800,781.32
1482019200,787.28
1482105600,788.67
1482192000,791.03
1482278400,801.51
1482364800,834.97
1482451200,860.18
1482537600,913.93
1482624000,892.6
1482710400,890.99
1482796800,896.82
1482883200,930.34
1482969600,975.89
1483056000,970.35
1483142400,958.12
1483228800,964.84
1483315200,997.36
1483401600,1013.42
1483488000,1037.83
1483574400,1109.16
1483660800,999.65
1483747200,891.95
1483833600,906.16
1483920000,910.49
1484006400,896.92
1484092800,903.66
1484179200,780.92
1484265600,805.52
1484352000,825.0
1484438400,819.55
1484524800,822.01
1484611200,830.56
1484697600,906.6
1484784000,885.44
1484870400,903.1
1484956800,895.64
1485043200,921.99
1485129600,922.33
1485216000,919.97
1485302400,883.59
1485388800,893.14
1485475200,915.05
1485561600,918.01
1485648000,918.62
1485734400,912.19
1485820800,920.0
1485907200,964.1
1485993600,983.42
1486080000,1008.67
1486166400,1015.65
1486252800,1034.07
1486339200,1011.08
1486425600,1023.96
1486512000,1052.84
1486598400,1050.7
1486684800,985.34
1486771200,997.59
1486857600,1012.46
1486944000,1000.74
1487030400,1001.2
1487116800,1007.08
1487203200,1011.25
1487289600,1035.2
1487376000,1054.55
1487462400,1056.0
1487548800,1050.87
1487635200,1084.06
1487721600,1125.0
1487808000,1130.01
1487894400,1187.41
1487980800,1180.14
1488067200,1150.37
1488153600,1180.46
1488240000,1194.17
1488326400,1190.89
1488412800,1224.98
1488499200,1257.6
1488585600,1287.0
1488672000,1262.2
1488758400,1271.04
1488844800,1279.5
1488931200,1233.88
1489017600,1155.11
1489104000,1192.09
1489190400,1104.94
1489276800,1176.59
1489363200,1227.68
1489449600,1240.72
1489536000,1246.72
1489622400,1257.0
1489708800,1170.2
1489795200,1068.3
1489881600,967.69
1489968000,1010.99
1490054400,1031.5
1490140800,1113.0
1490227200,1030.2
1490313600,1029.99
1490400000,927.93
1490486400,961.81
1490572800,959.47
1490659200,1041.04
1490745600,1042.77
1490832000,1039.77
1490918400,1034.74
1491004800,1073.09
1491091200,1082.81
1491177600,1079.99
1491264000,1146.98
1491350400,1141.23
1491436800,1133.53
1491523200,1193.73
1491609600,1190.22
1491696000,1184.03
1491782400,1206.18
1491868800,1209.99
1491955200,1219.09
1492041600,1212.17
1492128000,1174.43
1492214400,1170.36
1492300800,1190.5
1492387200,1161.1
1492473600,1176.97
1492560000,1201.2
1492646400,1205.0
1492732800,1236.63
1492819200,1243.61
1492905600,1233.24
1492992000,1240.84
1493078400,1253.57
1493164800,1272.67
1493251200,1288.02
1493337600,1330.33
1493424000,1330.7
1493510400,1333.0
1493596800,1354.8
1493683200,1390.86
1493769600,1447.55
1493856000,1501.0
1493942400,1537.23
1494028800,1518.75
1494115200,1554.04
1494201600,1558.74
1494288000,1651.1
1494374400,1720.26
1494460800,1774.52
1494547200,1829.0
1494633600,1692.88
1494720000,1770.8
1494806400,1780.0
1494892800,1717.91
1494979200,1708.99
1495065600,1783.98
1495152000,1879.99
1495238400,1957.38
1495324800,2008.84
1495411200,2017.55
1495497600,2099.98
1495584000,2256.32
1495670400,2421.49
1495756800,2277.01
1495843200,2279.82
1495929600,2047.76
1496016000,2177.38
1496102400,2290.02
1496188800,2204.89
1496275200,2298.01
1496361600,2409.93
1496448000,2488.98
1496534400,2541.29
1496620800,2529.53
1496707200,2699.12
1496793600,2872.3
1496880000,2683.03
1496966400,2809.01
1497052800,2825.14
1497139200,2898.63
1497225600,2954.96
1497312000,2656.97
1497398400,2706.0
1497484800,2445.0
1497571200,2424.8
1497657600,2477.94
1497744000,2629.76
1497830400,2522.0
1497916800,2600.0
1498003200,2740.0
1498089600,2658.69
1498176000,2713.48
1498262400,2685.05
1498348800,2557.0
1498435200,2502.03
1498521600,2430.0
1498608000,2558.11
1498694400,2558.3
1498780800,2541.69
1498867200,2476.63
1498953600,2421.26
1499040000,2512.71
1499126400,2549.93
1499212800,2598.89
1499299200,2600.0
1499385600,2599.67
1499472000,2502.86
1499558400,2555.14
1499644800,2509.58
1499731200,2327.09
1499817600,2310.93
1499904000,2388.0
1499990400,2338.49
1500076800,2216.1
1500163200,1972.29
1500249600,1910.96
1500336000,2220.07
1500422400,2300.01
1500508800,2265.21
1500595200,2840.0
1500681600,2672.95
1500768000,2825.51
1500854400,2748.36
1500940800,2759.58
1501027200,2564.3
1501113600,2516.93
1501200000,2656.53
1501286400,2784.8
1501372800,2704.53
1501459200,2738.92
1501545600,2862.9
1501632000,2731.34
1501718400,2699.39
1501804800,2790.0
1501891200,2856.52
1501977600,3250.77
1502064000,3210.2
1502150400,3380.5
1502236800,3408.75
1502323200,3340.28
1502409600,3413.41
1502496000,3650.0
1502582400,3868.52
1502668800,4073.76
1502755200,4315.66
1502841600,4179.97
1502928000,4375.8
1503014400,4279.79
1503100800,4104.71
1503187200,4146.09
1503273600,4054.6
1503360000,3986.28
1503446400,4090.89
1503532800,4133.67
1503619200,4331.77
1503705600,4357.77
1503792000,4339.82
1503878400,4339.05
1503964800,4376.66
1504051200,4594.54
1504137600,4582.52
1504224000,4732.87
1504310400,4908.41
1504396800,4585.57
1504483200,4603.54
1504569600,4202.91
1504656000,4385.02
1504742400,4612.12
1504828800,4613.84
1504915200,4312.26
1505001600,4330.87
1505088000,4232.93
1505174400,4198.59
1505260800,4169.94
1505347200,3865.22
1505433600,3216.43
1505520000,3707.5
1505606400,3689.11
1505692800,3678.53
1505779200,4092.07
1505865600,3899.35
1505952000,3894.48
1506038400,3600.92
1506124800,3604.79
1506211200,3777.62
1506297600,3666.31
1506384000,3931.98
1506470400,3881.0
1506556800,4204.51
1506643200,4189.38
1506729600,4164.27
1506816000,4354.16
1506902400,4405.01
1506988800,4394.07
1507075200,4308.33
1507161600,4211.55
1507248000,4318.58
1507334400,4369.57
1507420800,4439.46
1507507200,4605.66
1507593600,4773.84
1507680000,4776.5
1507766400,4822.17
1507852800,5435.75
1507939200,5636.24
1508025600,5825.99
1508112000,5691.69
1508198400,5764.24
1508284800,5594.66
1508371200,5571.92
1508457600,5697.16
1508544000,5986.44
1508630400,6012.65
1508716800,5982.49
1508803200,5900.59
1508889600,5510.76
1508976000,5732.35
1509062400,5889.82
1509148800,5769.89
1509235200,5728.65
1509321600,6136.49
1509408000,6133.16
1509494400,6416.07
1509580800,6751.98
1509667200,7024.56
1509753600,7213.04
1509840000,7365.99
1509926400,7392.51
1510012800,6960.58
1510099200,7128.64
1510185600,7468.44
1510272000,7092.42
1510358400,6569.22
1510444800,6340.89
1510531200,5890.08
1510617600,6493.63
1510704000,6592.73
1510790400,7279.78
1510876800,7868.77
1510963200,7718.2
1511049600,7791.3
1511136000,8049.72
1511222400,8242.81
1511308800,8095.88
1511395200,8236.72
1511481600,8043.31
1511568000,8212.78
1511654400,8768.8
1511740800,9311.7
1511827200,9717.32
1511913600,9919.0
1512000000,9646.35
1512086400,9988.19
1512172800,10879.88
1512259200,10912.87
1512345600,11179.52
1512432000,11591.22
1512518400,11660.41
1512604800,13843.93
1512691200,16860.88
1512777600,15875.27
1512864000,14652.37
1512950400,15068.95
1513036800,16732.72
1513123200,16916.8
1513209600,16252.31
1513296000,16408.15
1513382400,17507.86
1513468800,19279.9
1513555200,18905.26
1513641600,18911.79
1513728000,17382.94
1513814400,16357.24
1513900800,15521.07
1513987200,13776.61
1514073600,14121.53
1514160000,13554.31
1514246400,13740.94
1514332800,15677.99
1514419200,15422.19
1514505600,14214.01
1514592000,14413.54
1514678400,12612.54
1514764800,13796.0
1514851200,13374.98
1514937600,14793.46
1515024000,15039.24
1515110400,15169.66
1515196800,16914.73
1515283200,17155.95
1515369600,16192.91
1515456000,14962.63
1515542400,14437.42
1515628800,14882.86
1515715200,13285.55
1515801600,13791.19
1515888000,14246.18
1515974400,13583.83
1516060800,13554.14
1516147200,11307.27
1516233600,11091.26
1516320000,11174.82
1516406400,11506.51
1516492800,12744.58
1516579200,11513.42
1516665600,10770.49
1516752000,10831.49
1516838400,11392.03
1516924800,11150.79
1517011200,11094.24
1517097600,11431.37
1517184000,11742.33
1517270400,11186.12
1517356800,10082.52
1517443200,10204.0
1517529600,9098.27
1517616000,8852.73
1517702400,9224.62
1517788800,8202.06
1517875200,6925.46
1517961600,7712.37
1518048000,7585.17
1518134400,8245.08
1518220800,8688.86
1518307200,8561.0
1518393600,8068.02
1518480000,8895.72
1518566400,8527.87
1518652800,9471.64
1518739200,10033.77
1518825600,10178.56
1518912000,11085.83
1518998400,10392.46
1519084800,11171.78
1519171200,11245.98
1519257600,10485.78
1519344000,9850.78
1519430400,10171.3
1519516800,9699.76
1519603200,9582.29
1519689600,10319.46
1519776000,10628.61
1519862400,10332.14
1519948800,10931.12
1520035200,11040.53
1520121600,11453.34
1520208000,11516.83
1520294400,11442.48
1520380800,10727.69
1520467200,9920.46
1520553600,9324.5
1520640000,9262.8
1520726400,8777.37
1520812800,9538.93
1520899200,9130.0
1520985600,9153.54
1521072000,8214.99
1521158400,8263.34
1521244800,8297.89
1521331200,7885.08
1521417600,8214.46
1521504000,8605.64
1521590400,8909.95
1521676800,8909.26
1521763200,8725.37
1521849600,8917.48
1521936000,8533.76
1522022400,8457.96
1522108800,8146.5
1522195200,7797.25
1522281600,7950.61
1522368000,7099.17
1522454400,6854.19
1522540800,6937.56
1522627200,6827.54
1522713600,7065.29
1522800000,7426.48
1522886400,6810.71
1522972800,6786.66
1523059200,6634.68
1523145600,6910.12
1523232000,7029.71
1523318400,6784.41
1523404800,6849.3
1523491200,6955.36
1523577600,7941.46
1523664000,7895.25
1523750400,8013.91
1523836800,8368.1
1523923200,8069.03
1524009600,7907.19
1524096000,8175.96
1524182400,8288.12
1524268800,8876.51
1524355200,8930.6
1524441600,8812.76
1524528000,8952.68
1524614400,9658.11
1524700800,8870.14
1524787200,9294.67
1524873600,8928.55
1524960000,9349.41
1525046400,9398.4
1525132800,9239.55
1525219200,9074.98
1525305600,9220.76
1525392000,9753.35
1525478400,9696.13
1525564800,9837.92
1525651200,9631.44
1525737600,9369.16
1525824000,9186.69
1525910400,9310.37
1525996800,9015.88
1526083200,8396.83
1526169600,8463.52
1526256000,8691.46
1526342400,8671.51
1526428800,8471.06
1526515200,8343.27
1526601600,8063.86
1526688000,8239.08
1526774400,8242.07
1526860800,8520.59
1526947200,8396.63
1527033600,7987.38
1527120000,7511.91
1527206400,7576.78
1527292800,7465.12
1527379200,7334.71
1527465600,7344.56
1527552000,7106.06
1527638400,7457.02
1527724800,7386.72
1527811200,7489.66
1527897600,7518.67
1527984000,7637.14
1528070400,7713.85
1528156800,7495.47
1528243200,7619.43
1528329600,7653.96
1528416000,7687.37
1528502400,7615.54
1528588800,7497.1
1528675200,6762.1
1528761600,6879.31
1528848000,6553.0
1528934400,6299.89
1529020800,6637.41
1529107200,6391.16
1529193600,6488.68
1529280000,6445.79
1529366400,6712.5
1529452800,6743.41
1529539200,6760.83
1529625600,6719.79
1529712000,6059.3
1529798400,6170.46
1529884800,6157.04
1529971200,6249.62
1530057600,6097.46
1530144000,6143.97
1530230400,5878.14
1530316800,6223.28
1530403200,6408.91
1530489600,6365.66
1530576000,6626.44
1530662400,6518.97
1530748800,6602.32
1530835200,6555.51
1530921600,6628.59
1531008000,6778.38
1531094400,6724.04
1531180800,6682.68
1531267200,6329.27
1531353600,6403.18
1531440000,6239.47
1531526400,6220.1
1531612800,6248.84
1531699200,6348.09
1531785600,6732.81
1531872000,7321.62
1531958400,7371.11
1532044800,7473.9
1532131200,7334.99
1532217600,7408.99
1532304000,7406.66
1532390400,7715.1
1532476800,8418.11
1532563200,8171.65
1532649600,7939.81
1532736000,8178.33
1532822400,8219.92
1532908800,8220.91
1532995200,8171.49
1533081600,7735.28
1533168000,7607.7
1533254400,7535.88
1533340800,7414.77
1533427200,7011.28
1533513600,7032.3
1533600000,6937.23
1533686400,6718.23
1533772800,6277.59
1533859200,6532.36
1533945600,6138.96
1534032000,6227.85
1534118400,6313.42
1534204800,6252.13
1534291200,6189.97
1534377600,6270.67
1534464000,6312.75
1534550400,6577.74
1534636800,6394.18
1534723200,6486.58
1534809600,6262.64
1534896000,6472.41
1534982400,6354.57
1535068800,6525.96
1535155200,6691.39
1535241600,6738.27
1535328000,6707.96
1535414400,6901.26
1535500800,7078.19
1535587200,7032.13
1535673600,6986.54
1535760000,7018.78
1535846400,7197.43
1535932800,7291.84
1536019200,7265.08
1536105600,7359.19
1536192000,6695.32
1536278400,6501.19
1536364800,6399.85
1536451200,6184.06
1536537600,6240.98
1536624000,6306.59
1536710400,6283.54
1536796800,6326.04
1536883200,6479.6
1536969600,6487.12
1537056000,6522.39
1537142400,6497.37
1537228800,6253.99
1537315200,6342.39
1537401600,6389.3
1537488000,6496.02
1537574400,6756.12
1537660800,6718.7
1537747200,6705.66
1537833600,6583.45
1537920000,6432.71
1538006400,6459.35
1538092800,6686.08
1538179200,6628.66
1538265600,6592.64
1538352000,6611.02
1538438400,6586.58
1538524800,6521.31
1538611200,6483.73
1538697600,6568.14
1538784000,6620.63
1538870400,6573.62
1538956800,6588.93
1539043200,6641.33
1539129600,6626.85
1539216000,6581.07
1539302400,6207.79
1539388800,6247.0
1539475200,6265.9
1539561600,6265.16
1539648000,6599.17
1539734400,6616.45
1539820800,6595.51
1539907200,6509.61
1539993600,6463.58
1540080000,6504.92
1540166400,6504.78
1540252800,6493.89
1540339200,6476.85
1540425600,6489.77
1540512000,6466.29
1540598400,6472.17
1540684800,6457.21
1540771200,6449.37
1540857600,6307.51
1540944000,6301.61
1541030400,6338.78
1541116800,6373.08
1541203200,6390.42
1541289600,6361.3
1541376000,6454.0
1541462400,6437.76
1541548800,6477.84
1541635200,6536.83
1541721600,6444.97
1541808000,6377.4
1541894400,6388.46
1541980800,6408.53
1542067200,6384.75
1542153600,6358.25
1542240000,5756.77
1542326400,5658.73
1542412800,5592.58
1542499200,5572.44
1542585600,5616.29
1542672000,4848.78
1542758400,4491.98
1542844800,4616.44
1542931200,4312.31
1543017600,4352.98
1543104000,3862.01
1543190400,4010.72
1543276800,3793.35
1543363200,3828.45
1543449600,4256.55
1543536000,4278.77
1543622400,4013.52
1543708800,4188.09
1543795200,4140.6
1543881600,3894.21
1543968000,3956.94
1544054400,3744.98
1544140800,3484.94
1544227200,3425.69
1544313600,3453.66
1544400000,3588.44
1544486400,3472.98
1544572800,3407.28
1544659200,3487.73
1544745600,3308.11
1544832000,3242.42
1544918400,3231.91
1545004800,3246.64
1545091200,3556.54
1545177600,3714.09
1545264000,3734.55
1545350400,4135.19
1545436800,3899.83
1545523200,4031.85
1545609600,3995.17
1545696000,4075.15
1545782400,3821.52
1545868800,3848.21
1545955200,3638.9
1546041600,3923.19
1546128000,3770.36
1546214400,3865.26
1546300800,3737.91
1546387200,3855.88
1546473600,3931.31
1546560000,3822.87
1546646400,3856.62
1546732800,3831.94
1546819200,4071.77
1546905600,4032.25
1546992000,4020.97
1547078400,4016.92
1547164800,3646.25
1547251200,3656.9
1547337600,3637.31
1547424000,3531.96
1547510400,3682.48
1547596800,3600.16
1547683200,3621.43
1547769600,3658.41
1547856000,3625.73
1547942400,3703.98
1548028800,3548.98
1548115200,3540.02
1548201600,3587.35
1548288000,3566.4
1548374400,3586.25
1548460800,3577.79
1548547200,3576.3
1548633600,3554.5
1548720000,3448.58
1548806400,3421.6
1548892800,3470.0
1548979200,3444.81
1549065600,3475.33
1549152000,3506.22
1549238400,3456.02
1549324800,3452.35
1549411200,3467.34
1549497600,3405.7
1549584000,3394.76
1549670400,3661.08
1549756800,3664.38
1549843200,3686.29
1549929600,3629.47
1550016000,3632.42
1550102400,3614.5
1550188800,3600.31
1550275200,3608.2
1550361600,3619.55
1550448000,3670.74
1550534400,3910.8
1550620800,3926.53
1550707200,3987.18
1550793600,3944.88
1550880000,3983.48
1550966400,4139.6
1551052800,3766.89
1551139200,3848.33
1551225600,3831.45
1551312000,3833.23
1551398400,3850.08
1551484800,3834.62
1551571200,3831.44
1551657600,3814.58
1551744000,3730.98
1551830400,3872.25
1551916800,3876.85
1552003200,3886.82
1552089600,3875.96
1552176000,3950.56
1552262400,3928.17
1552348800,3881.09
1552435200,3892.51
1552521600,3877.77
1552608000,3885.21
1552694400,3936.5
1552780800,4015.95
1552867200,3994.92
1552953600,3998.77
1553040000,4029.11
1553126400,4056.4
1553212800,3992.34
1553299200,3999.06
1553385600,4011.92
1553472000,3994.11
1553558400,3935.89
1553644800,3947.74
1553731200,4048.51
1553817600,4037.37
1553904000,4115.55
1553990400,4114.44
1554076800,4114.16
1554163200,4152.53
1554249600,4882.88
1554336000,4959.81
1554422400,4911.24
1554508800,5028.77
1554595200,5053.52
1554681600,5189.39
1554768000,5268.71
1554854400,5175.81
1554940800,5310.18
1555027200,5035.02
1555113600,5072.85
1555200000,5064.62
1555286400,5152.51
1555372800,5036.18
1555459200,5196.65
1555545600,5220.37
1555632000,5276.31
1555718400,5277.04
1555804800,5309.28
1555891200,5281.83
1555977600,5377.19
1556064000,5518.16
1556150400,5434.19
1556236800,5195.61
1556323200,5292.83
1556409600,5280.19
1556496000,5301.29
1556582400,5260.65
1556668800,5269.79
1556755200,5326.67
1556841600,5390.16
1556928000,5657.14
1557014400,5771.08
1557100800,5717.66
1557187200,5684.47
1557273600,5755.72
1557360000,5936.72
1557446400,6146.91
1557532800,6348.02
1557619200,7248.31
1557705600,6978.63
1557792000,7823.11
1557878400,7992.69
1557964800,8206.9
1558051200,7885.96
1558137600,7362.22
1558224000,7265.05
1558310400,8193.7
1558396800,8007.03
1558483200,7952.5
1558569600,7625.93
1558656000,7880.29
1558742400,8003.26
1558828800,8071.45
1558915200,8744.42
1559001600,8770.06
1559088000,8719.88
1559174400,8662.98
1559260800,8272.46
1559347200,8553.81
1559433600,8554.8
1559520000,8739.03
1559606400,8134.92
1559692800,7675.8
1559779200,7786.04
1559865600,7803.23
1559952000,7998.29
1560038400,7931.34
1560124800,7640.61
1560211200,8020.38
1560297600,7917.58
1560384000,8173.06
1560470400,8237.88
1560556800,8693.6
1560643200,8859.47
1560729600,8978.99
1560816000,9327.48
1560902400,9076.18
1560988800,9281.7
1561075200,9531.35
1561161600,10209.38
1561248000,10668.63
1561334400,10814.48
1561420800,11017.5
1561507200,11766.4
1561593600,12932.55
1561680000,11132.85
1561766400,12374.35
1561852800,11890.38
1561939200,10737.73
1562025600,10578.72
1562112000,10805.4
1562198400,11984.76
1562284800,11160.49
1562371200,10955.16
1562457600,11232.04
1562544000,11477.01
1562630400,12313.08
1562716800,12586.78
1562803200,12099.9
1562889600,11352.87
1562976000,11803.97
1563062400,11389.1
1563148800,10186.96
1563235200,10873.5
1563321600,9397.72
1563408000,9674.28
1563494400,10638.56
1563580800,10535.75
1563667200,10764.9
1563753600,10587.41
1563840000,10323.62
1563926400,9844.3
1564012800,9772.17
1564099200,9875.17
1564185600,9848.65
1564272000,9473.99
1564358400,9530.0
1564444800,9501.33
1564531200,9589.13
1564617600,10084.7
1564704000,10407.17
1564790400,10529.55
1564876800,10814.57
1564963200,10980.23
1565049600,11787.99
1565136000,11465.67
1565222400,11960.82
1565308800,11996.41
1565395200,11856.64
1565481600,11282.22
1565568000,11566.84
1565654400,11386.26
1565740800,10858.12
1565827200,10016.96
1565913600,10302.17
1566000000,10359.44
1566086400,10214.52
1566172800,10317.6
1566259200,10917.26
1566345600,10760.56
1566432000,10129.4
1566518400,10111.98
1566604800,10405.81
1566691200,10143.8
1566777600,10135.06
1566864000,10360.28
1566950400,10171.95
1567036800,9717.82
1567123200,9484.55
1567209600,9577.99
1567296000,9600.9
1567382400,9769.79
1567468800,10386.64
1567555200,10621.29
1567641600,10584.16
1567728000,10577.8
1567814400,10317.47
1567900800,10487.21
1567987200,10406.31
1568073600,10313.66
1568160000,10101.03
1568246400,10159.32
1568332800,10420.16
1568419200,10363.9
1568505600,10361.33
1568592000,10310.43
1568678400,10265.63
1568764800,10190.36
1568851200,10157.59
1568937600,10275.88
1569024000,10173.11
1569110400,9979.49
1569196800,10033.05
1569283200,9683.38
1569369600,8553.61
1569456000,8432.23
1569542400,8055.64
1569628800,8193.9
1569715200,8225.0
1569801600,8056.74
1569888000,8307.74
1569974400,8322.92
1570060800,8382.03
1570147200,8236.17
1570233600,8155.48
1570320000,8147.69
1570406400,7869.74
1570492800,8212.02
1570579200,8190.0
1570665600,8587.92
1570752000,8586.9
1570838400,8269.73
1570924800,8308.01
1571011200,8283.76
1571097600,8353.54
1571184000,8162.16
1571270400,8002.51
1571356800,8076.78
1571443200,7954.15
1571529600,7960.04
1571616000,8231.06
1571702400,8222.52
1571788800,8026.76
1571875200,7469.56
1571961600,7431.88
1572048000,8666.79
1572134400,9259.8
1572220800,9551.54
1572307200,9218.76
1572393600,9433.35
1572480000,9164.62
1572566400,9147.98
1572652800,9252.99
1572739200,9301.18
1572825600,9206.16
1572912000,9418.05
1572998400,9310.19
1573084800,9343.34
1573171200,9204.24
1573257600,8766.04
1573344000,8809.41
1573430400,9037.12
1573516800,8717.81
1573603200,8801.52
1573689600,8762.42
1573776000,8632.32
1573862400,8457.69
1573948800,8482.7
1574035200,8503.93
1574121600,8175.99
1574208000,8120.8
1574294400,8081.81
1574380800,7617.07
1574467200,7286.35
1574553600,7324.03
1574640000,6907.4
1574726400,7130.25
1574812800,7163.63
1574899200,7523.83
1574985600,7431.0
1575072000,7757.47
1575158400,7557.72
1575244800,7402.69
1575331200,7309.59
1575417600,7296.77
1575504000,7192.85
1575590400,7395.97
1575676800,7547.19
1575763200,7504.83
1575849600,7522.39
1575936000,7337.42
1576022400,7220.76
1576108800,7202.31
1576195200,7189.16
1576281600,7251.87
1576368000,7067.74
1576454400,7111.14
1576540800,6879.54
1576627200,6612.12
1576713600,7284.29
1576800000,7150.86
1576886400,7190.17
1576972800,7143.2
1577059200,7514.41
1577145600,7322.08
1577232000,7250.69
1577318400,7192.72
1577404800,7194.4
1577491200,7243.93
1577577600,7301.07
1577664000,7385.36
1577750400,7219.6
1577836800,7168.31
1577923200,7175.68
1578009600,6944.33
1578096000,7326.35
1578182400,7347.89
1578268800,7351.57
1578355200,7759.24
1578441600,8165.47
1578528000,8042.65
1578614400,7817.92
1578700800,8184.66
1578787200,8021.49
1578873600,8173.97
1578960000,8105.24
1579046400,8842.42
1579132800,8813.89
1579219200,8722.03
1579305600,8900.34
1579392000,8910.85
1579478400,8703.36
1579564800,8626.47
1579651200,8722.26
1579737600,8658.94
1579824000,8388.11
1579910400,8428.17
1579996800,8327.36
1580083200,8588.42
1580169600,8895.78
1580256000,9385.69
1580342400,9279.81
1580428800,9502.37
1580515200,9333.77
1580601600,9378.09
1580688000,9314.56
1580774400,9284.51
1580860800,9162.14
1580947200,9614.9
1581033600,9755.66
1581120000,9807.54
1581206400,9907.12
1581292800,10162.41
1581379200,9854.79
1581465600,10275.38
1581552000,10354.3
1581638400,10242.43
1581724800,10368.53
1581811200,9904.17
1581897600,9937.67
1581984000,9703.93
1582070400,10180.65
1582156800,9604.72
1582243200,9606.86
1582329600,9696.58
1582416000,9669.63
1582502400,9989.39
1582588800,9663.75
1582675200,9309.15
1582761600,8785.52
1582848000,8804.72
1582934400,8712.35
1583020800,8531.42
1583107200,8534.17
1583193600,8912.82
1583280000,8754.34
1583366400,8758.9
1583452800,9067.39
1583539200,9155.89
1583625600,8898.63
1583712000,8039.38
1583798400,7931.94
1583884800,7885.46
1583971200,7936.65
1584057600,4830.21
1584144000,5609.03
1584230400,5166.26
1584316800,5348.44
1584403200,5026.35
1584489600,5357.61
1584576000,5410.23
1584662400,6195.2
1584748800,6226.44
1584835200,6189.85
1584921600,5822.62
1585008000,6502.16
1585094400,6768.49
1585180800,6698.46
1585267200,6763.75
1585353600,6369.09
1585440000,6260.95
1585526400,5885.41
1585612800,6405.29
1585699200,6428.28
1585785600,6652.87
1585872000,6809.11
1585958400,6741.67
1586044800,6871.69
1586131200,6777.44
1586217600,7343.2
1586304000,7205.55
1586390400,7365.03
1586476800,7293.69
1586563200,6873.24
1586649600,6891.6
1586736000,6915.37
1586822400,6857.66
1586908800,6871.95
1586995200,6623.8
1587081600,7112.27
1587168000,7034.89
1587254400,7259.36
1587340800,7130.04
1587427200,6840.24
1587513600,6852.52
1587600000,7130.99
1587686400,7477.6
1587772800,7507.08
1587859200,7549.52
1587945600,7699.27
1588032000,7790.66
1588118400,7765.33
1588204800,8777.63
1588291200,8628.77
1588377600,8824.66
1588464000,8973.82
1588550400,8903.95
1588636800,8885.93
1588723200,9030.96
1588809600,9170.79
1588896000,10002.48
1588982400,9821.8
1589068800,9527.39
1589155200,8754.46
1589241600,8617.25
1589328000,8814.53
1589414400,9305.93
1589500800,9790.31
1589587200,9303.59
1589673600,9385.7
1589760000,9669.4
1589846400,9719.37
1589932800,9785.74
1590019200,9510.67
1590105600,9057.57
1590192000,9167.26
1590278400,9178.32
1590364800,8730.73
1590451200,8899.66
1590537600,8842.85
1590624000,9197.54
1590710400,9569.21
1590796800,9425.98
1590883200,9698.1
1590969600,9450.84
1591056000,10204.23
1591142400,9525.57
1591228800,9658.04
1591315200,9794.56
1591401600,9623.75
1591488000,9670.43
1591574400,9753.85
1591660800,9782.59
1591747200,9775.15
1591833600,9892.13
1591920000,9286.42
1592006400,9459.97
1592092800,9473.5
1592179200,9330.07
1592265600,9426.7
1592352000,9526.0
1592438400,9454.81
1592524800,9380.03
1592611200,9300.15
1592697600,9357.43
1592784000,9284.78
1592870400,9691.9
1592956800,9621.49
1593043200,9276.58
1593129600,9240.85
1593216000,9154.45
1593302400,9004.23
1593388800,9127.47
1593475200,9185.35
1593561600,9133.97
1593648000,9236.38
1593734400,9087.98
1593820800,9072.42
1593907200,9131.31
1593993600,9089.09
1594080000,9348.91
1594166400,9256.23
1594252800,9440.07
1594339200,9238.04
1594425600,9287.4
1594512000,9235.96
1594598400,9295.9
1594684800,9238.13
1594771200,9254.52
1594857600,9193.51
1594944000,9131.0
1595030400,9154.19
1595116800,9174.71
1595203200,9214.66
1595289600,9163.87
1595376000,9392.66
1595462400,9537.4
1595548800,9613.11
1595635200,9551.28
1595721600,9707.5
1595808000,9938.83
1595894400,11042.4
1595980800,10934.94
1596067200,11102.67
1596153600,11114.93
1596240000,11343.88
1596326400,11823.69
1596412800,11077.77
1596499200,11242.57
1596585600,11194.25
1596672000,11750.28
1596758400,11772.94
1596844800,11605.6
1596931200,11767.6
1597017600,11684.06
1597104000,11893.03
1597190400,11392.43
1597276800,11573.11
1597363200,11777.43
1597449600,11774.38
1597536000,11873.98
1597622400,11914.01
1597708800,12293.72
1597795200,11969.53
1597881600,11734.0
1597968000,11865.82
1598054400,11522.8
1598140800,11683.44
1598227200,11653.02
1598313600,11763.93
1598400000,11337.4
1598486400,11467.37
1598572800,11302.01
1598659200,11534.75
1598745600,11481.64
1598832000,11707.78
1598918400,11659.57
1599004800,11923.25
1599091200,11397.44
1599177600,10187.51
1599264000,10467.89
1599350400,10159.62
1599436800,10254.93
1599523200,10367.74
1599609600,10121.52
1599696000,10227.83
1599782400,10352.66
1599868800,10395.44
1599955200,10446.44
1600041600,10330.77
1600128000,10674.64
1600214400,10785.62
1600300800,10948.43
1600387200,10943.89
1600473600,10931.79
1600560000,11081.43
1600646400,10919.65
1600732800,10430.46
1600819200,10532.22
1600905600,10234.48
1600992000,10732.43
1601078400,10692.84
1601164800,10732.4
1601251200,10774.24
1601337600,10692.33
1601424000,10840.8
1601510400,10777.92
1601596800,10619.24
1601683200,10575.06
1601769600,10551.77
1601856000,10673.46
1601942400,10788.56
1602028800,10603.74
1602115200,10670.8
1602201600,10923.3
1602288000,11063.19
1602374400,11302.67
1602460800,11376.61
1602547200,11540.04
1602633600,11428.24
1602720000,11431.32
1602806400,11503.73
1602892800,11327.57
1602979200,11366.51
1603065600,11508.2
1603152000,11758.16
1603238400,11925.46
1603324800,12831.56
1603411200,12990.25
1603497600,12944.52
1603584000,13128.46
1603670400,13036.77
1603756800,13076.37
1603843200,13651.47
1603929600,13289.0
1604016000,13458.66
1604102400,13564.72
1604188800,13810.32
1604275200,13758.88
1604361600,13575.17
1604448000,14023.31
1604534400,14155.59
1604620800,15591.39
1604707200,15595.77
1604793600,14839.84
1604880000,15490.6
1604966400,15328.53
1605052800,15317.04
1605139200,15708.65
1605225600,16295.57
1605312000,16339.33
1605398400,16091.07
1605484800,15968.16
1605571200,16725.15
1605657600,17679.72
1605744000,17798.45
1605830400,17820.57
1605916800,18687.45
1606003200,18699.75
1606089600,18422.28
1606176000,18398.91
1606262400,19172.52
1606348800,18739.8
1606435200,17151.44
1606521600,17138.87
1606608000,17732.42
1606694400,18191.6
1606780800,19709.73
1606867200,18792.52
1606953600,19226.97
1607040000,19454.54
1607126400,18670.49
1607212800,19155.06
1607299200,19377.66
1607385600,19181.41
1607472000,18318.87
1607558400,18554.15
1607644800,18247.76
1607731200,18029.36
1607817600,18803.44
1607904000,19164.48
1607990400,19276.59
1608076800,19439.75
1608163200,21379.48
1608249600,22847.46
1608336000,23150.79
1608422400,23869.92
1608508800,23490.58
1608595200,22745.48
1608681600,23824.99
1608768000,23253.37
1608854400,23715.53
1608940800,24693.58
1609027200,26443.21
1609113600,26246.58
1609200000,27036.69
1609286400,27376.37
1609372800,28856.59
1609459200,28982.56
1609545600,29393.75
1609632000,32195.46
1609718400,33000.78
1609804800,32035.03
1609891200,34046.67
1609977600,36860.41
1610064000,39486.04
1610150400,40670.25
1610236800,40240.72
1610323200,38240.09
1610409600,35544.94
1610496000,34011.82
1610582400,37393.13
1610668800,39158.47
1610755200,36828.52
1610841600,36065.2
1610928000,35793.01
1611014400,36632.35
1611100800,36020.13
1611187200,35538.98
1611273600,30797.88
1611360000,33002.38
1611446400,32099.74
1611532800,32276.84
1611619200,32243.26
1611705600,32541.8
1611792000,30419.17
1611878400,33403.17
1611964800,34314.26
1612051200,34318.1
1612137600,33136.46
1612224000,33522.9
1612310400,35529.66
1612396800,37676.25
1612483200,37002.09
1612569600,38278.61
1612656000,39323.26
1612742400,38928.1
1612828800,46364.3
1612915200,46589.58
1613001600,44878.17
1613088000,48013.38
1613174400,47471.4
1613260800,47185.19
1613347200,48720.37
1613433600,47951.85
1613520000,49160.1
1613606400,52118.23
1613692800,51608.15
1613779200,55916.5
1613865600,56001.2
1613952000,57487.86
1614038400,54123.4
1614124800,48880.43
1614211200,50624.84
1614297600,46800.42
1614384000,46340.31
1614470400,46155.87
1614556800,45113.92
1614643200,49618.43
1614729600,48356.04
1614816000,50477.7
1614902400,48448.91
1614988800,48861.38
1615075200,48881.59
1615161600,51169.7
1615248000,52299.33
1615334400,54881.52
1615420800,55997.23
1615507200,57764.0
1615593600,57253.28
1615680000,61258.73
1615766400,59133.47
1615852800,55754.72
1615939200,56872.38
1616025600,58913.0
1616112000,57665.9
1616198400,58075.1
1616284800,58085.8
1616371200,57411.17
1616457600,54204.96
1616544000,54477.46
1616630400,52508.23
1616716800,51415.92
1616803200,55074.47
1616889600,55863.93
1616976000,55783.71
1617062400,57627.67
1617148800,58730.13
1617235200,58735.25
1617321600,58736.92
1617408000,59031.32
1617494400,57076.49
1617580800,58206.55
1617667200,59054.1
1617753600,58020.46
1617840000,55947.27
1617926400,58048.59
1618012800,58102.58
1618099200,59774.0
1618185600,59964.87
1618272000,59834.74
1618358400,63554.44
1618444800,62969.12
1618531200,63252.63
1618617600,61455.98
1618704000,60087.09
1618790400,56251.48
1618876800,55703.14
1618963200,56507.91
1619049600,53808.8
1619136000,51731.71
1619222400,51153.13
1619308800,50110.53
1619395200,49075.58
1619481600,54056.64
1619568000,55071.46
1619654400,54884.1
1619740800,53584.15
1619827200,57796.62
1619913600,57857.5
1620000000,56610.46
1620086400,57213.33
1620172800,53241.72
1620259200,57473.23
1620345600,56428.16
1620432000,57380.27
1620518400,58928.81
1620604800,58280.73
1620691200,55883.5
1620777600,56750.0
1620864000,49007.09
1620950400,49702.27
1621036800,49922.52
1621123200,46736.58
1621209600,46441.64
1621296000,43596.24
1621382400,42912.19
1621468800,36964.27
1621555200,40784.32
1621641600,37280.35
1621728000,37528.3
1621814400,34754.54
1621900800,38728.59
1621987200,38410.5
1622073600,39266.04
1622160000,38445.29
1622246400,35689.62
1622332800,34647.67
1622419200,35684.59
1622505600,37310.54
1622592000,36662.64
1622678400,37585.24
1622764800,39188.59
1622851200,36885.51
1622937600,35530.38
1623024000,35816.17
1623110400,33514.87
1623196800,33450.19
1623283200,37338.36
1623369600,36704.57
1623456000,37313.18
1623542400,35494.9
1623628800,39066.82
1623715200,40525.8
1623801600,40188.56
1623888000,38324.87
1623974400,38068.04
1624060800,35729.82
1624147200,35524.17
1624233600,35592.35
1624320000,31686.55
1624406400,32447.59
1624492800,33674.66
1624579200,34639.38
1624665600,31640.58
1624752000,32160.91
1624838400,34644.45
1624924800,34456.67
1625011200,35847.7
1625097600,35047.36
1625184000,33536.88
1625270400,33856.86
1625356800,34688.98
1625443200,35309.3
1625529600,33747.97
1625616000,34211.01
1625702400,33839.04
1625788800,32877.41
1625875200,33818.52
1625961600,33515.57
1626048000,34227.64
1626134400,33158.25
1626220800,32686.56
1626307200,32814.61
1626393600,31738.59
1626480000,31421.25
1626566400,31520.66
1626652800,31783.49
1626739200,30815.94
1626825600,29790.24
1626912000,32118.06
1626998400,32297.89
1627084800,33581.63
1627171200,34279.34
1627257600,35365.2
1627344000,37318.14
1627430400,39405.95
1627516800,40002.53
1627603200,40005.93
1627689600,42214.15
1627776000,41659.06
1627862400,40000.46
1627948800,39193.94
1628035200,38138.0
1628121600,39750.14
1628208000,40882.0
1628294400,42825.95
1628380800,44634.13
1628467200,43816.14
1628553600,46333.46
1628640000,45608.37
1628726400,45611.46
1628812800,44417.78
1628899200,47833.98
1628985600,47112.19
1629072000,47056.41
1629158400,45982.55
1629244800,44648.57
1629331200,44777.86
1629417600,46734.65
1629504000,49327.75
1629590400,48932.02
1629676800,49335.68
1629763200,49523.5
1629849600,47744.58
1629936000,48972.09
1630022400,46962.8
1630108800,49056.86
1630195200,48897.65
1630281600,48806.78
1630368000,47074.77
1630454400,47155.87
1630540800,48862.76
1630627200,49329.01
1630713600,50035.33
1630800000,49947.38
1630886400,51769.06
1630972800,52677.4
1631059200,46809.17
1631145600,46078.38
1631232000,46368.69
1631318400,44847.48
1631404800,45144.79
1631491200,46059.12
1631577600,44968.76
1631664000,47072.12
1631750400,48167.85
1631836800,47785.26
1631923200,47263.6
1632009600,48259.45
1632096000,47249.38
1632182400,42901.56
1632268800,40619.27
1632355200,43604.76
1632441600,44888.96
1632528000,42815.56
1632614400,42742.01
1632700800,43182.63
1632787200,42238.2
1632873600,41011.16
1632960000,41522.38
1633046400,43757.81
1633132800,48140.11
1633219200,47727.1
1633305600,48205.72
1633392000,49143.95
1633478400,51505.83
1633564800,55343.76
1633651200,53801.1
1633737600,53867.3
1633824000,55122.59
1633910400,54625.74
1633996800,57452.01
1634083200,56242.94
1634169600,57406.69
1634256000,57397.74
1634342400,61641.17
1634428800,60948.78
1634515200,61546.21
1634601600,61971.59
1634688000,64287.64
1634774400,66063.56
1634860800,62354.86
1634947200,60697.06
1635033600,61277.28
1635120000,60884.18
1635206400,63070.54
1635292800,60345.17
1635379200,58538.49
1635465600,60587.09
1635552000,62249.18
1635638400,61731.29
1635724800,61373.44
1635811200,61029.5
1635897600,63241.11
1635984000,62954.86
1636070400,61441.83
1636156800,61072.32
1636243200,61516.31
1636329600,63293.22
1636416000,67562.17
1636502400,66954.11
1636588800,64976.73
1636675200,64838.81
1636761600,64254.67
1636848000,64420.94
1636934400,65468.75
1637020800,63584.25
1637107200,60172.26
1637193600,60381.35
1637280000,56921.34
1637366400,58133.02
1637452800,59777.98
1637539200,58755.9
1637625600,56301.52
1637712000,57578.22
1637798400,57187.54
1637884800,58935.45
1637971200,53588.21
1638057600,54801.15
1638144000,57292.28
1638230400,57828.45
1638316800,57025.79
1638403200,57229.76
1638489600,56508.48
1638576000,53713.84
1638662400,49253.86
1638748800,49380.43
1638835200,50564.63
1638921600,50645.41
1639008000,50511.12
1639094400,47659.68
1639180800,47137.46
1639267200,49379.67
1639353600,50117.25
1639440000,46757.09
1639526400,48392.79
1639612800,48884.66
1639699200,47658.38
1639785600,46173.51
1639872000,46863.67
1639958400,46689.28
1640044800,46910.13
1640131200,48934.57
1640217600,48628.35
1640304000,50785.69
1640390400,50814.92
1640476800,50470.89
1640563200,50801.11
1640649600,50692.3
1640736000,47601.26
1640822400,46408.87
